,county,emm
0,"AL, Autauga County",SRSE
1,"AL, Baldwin County",SRSE
2,"AL, Barbour County",SRSE
3,"AL, Bibb County",SRSE
4,"AL, Blount County",SRSE
5,"AL, Bullock County",SRSE
6,"AL, Butler County",SRSE
7,"AL, Calhoun County",SRSE
8,"AL, Chambers County",SRSE
9,"AL, Cherokee County",SRSE
10,"AL, Chilton County",SRSE
11,"AL, Choctaw County",SRSE
12,"AL, Clarke County",SRSE
13,"AL, Clay County",SRSE
14,"AL, Cleburne County",SRSE
15,"AL, Coffee County",SRSE
16,"AL, Colbert County",SRSE
17,"AL, Conecuh County",SRSE
18,"AL, Coosa County",SRSE
19,"AL, Covington County",SRSE
20,"AL, Crenshaw County",SRSE
21,"AL, Cullman County",SRSE
22,"AL, Dale County",SRSE
23,"AL, Dallas County",SRSE
24,"AL, DeKalb County",SRCE
25,"AL, Elmore County",SRSE
26,"AL, Escambia County",SRSE
27,"AL, Etowah County",SRSE
28,"AL, Fayette County",SRSE
29,"AL, Franklin County",SRSE
30,"AL, Geneva County",SRSE
31,"AL, Greene County",SRSE
32,"AL, Hale County",SRSE
33,"AL, Henry County",SRSE
34,"AL, Houston County",SRSE
35,"AL, Jackson County",SRCE
36,"AL, Jefferson County",SRSE
37,"AL, Lamar County",SRSE
38,"AL, Lauderdale County",SRCE
39,"AL, Lawrence County",SRSE
40,"AL, Lee County",SRSE
41,"AL, Limestone County",SRCE
42,"AL, Lowndes County",SRSE
43,"AL, Macon County",SRSE
44,"AL, Madison County",SRCE
45,"AL, Marengo County",SRSE
46,"AL, Marion County",SRSE
47,"AL, Marshall County",SRSE
48,"AL, Mobile County",SRSE
49,"AL, Monroe County",SRSE
50,"AL, Montgomery County",SRSE
51,"AL, Morgan County",SRCE
52,"AL, Perry County",SRSE
53,"AL, Pickens County",SRSE
54,"AL, Pike County",SRSE
55,"AL, Randolph County",SRSE
56,"AL, Russell County",SRSE
57,"AL, St. Clair County",SRSE
58,"AL, Shelby County",SRSE
59,"AL, Sumter County",SRSE
60,"AL, Talladega County",SRSE
61,"AL, Tallapoosa County",SRSE
62,"AL, Tuscaloosa County",SRSE
63,"AL, Walker County",SRSE
64,"AL, Washington County",SRSE
65,"AL, Wilcox County",SRSE
66,"AL, Winston County",SRSE
67,"AZ, Apache County",SRSG
68,"AZ, Cochise County",SRSG
69,"AZ, Coconino County",SRSG
70,"AZ, Gila County",SRSG
71,"AZ, Graham County",SRSG
72,"AZ, Greenlee County",SRSG
73,"AZ, La Paz County",SRSG
74,"AZ, Maricopa County",SRSG
75,"AZ, Mohave County",SRSG
76,"AZ, Navajo County",SRSG
77,"AZ, Pima County",SRSG
78,"AZ, Pinal County",SRSG
79,"AZ, Santa Cruz County",SRSG
80,"AZ, Yavapai County",SRSG
81,"AZ, Yuma County",SRSG
82,"AR, Arkansas County",MISS
83,"AR, Ashley County",MISS
84,"AR, Baxter County",MISS
85,"AR, Benton County",SPPS
86,"AR, Boone County",MISS
87,"AR, Bradley County",MISS
88,"AR, Calhoun County",MISS
89,"AR, Carroll County",SPPS
90,"AR, Chicot County",MISS
91,"AR, Clark County",MISS
92,"AR, Clay County",MISS
93,"AR, Cleburne County",MISS
94,"AR, Cleveland County",MISS
95,"AR, Columbia County",MISS
96,"AR, Conway County",MISS
97,"AR, Craighead County",MISS
98,"AR, Crawford County",SPPS
99,"AR, Crittenden County",MISS
100,"AR, Cross County",MISS
101,"AR, Dallas County",MISS
102,"AR, Desha County",MISS
103,"AR, Drew County",MISS
104,"AR, Faulkner County",MISS
105,"AR, Franklin County",SPPS
106,"AR, Fulton County",MISS
107,"AR, Garland County",MISS
108,"AR, Grant County",MISS
109,"AR, Greene County",MISS
110,"AR, Hempstead County",SPPS
111,"AR, Hot Spring County",MISS
112,"AR, Howard County",SPPS
113,"AR, Independence County",MISS
114,"AR, Izard County",MISS
115,"AR, Jackson County",MISS
116,"AR, Jefferson County",MISS
117,"AR, Johnson County",SPPS
118,"AR, Lafayette County",SPPS
119,"AR, Lawrence County",MISS
120,"AR, Lee County",MISS
121,"AR, Lincoln County",MISS
122,"AR, Little River County",SPPS
123,"AR, Logan County",SPPS
124,"AR, Lonoke County",MISS
125,"AR, Madison County",SPPS
126,"AR, Marion County",MISS
127,"AR, Miller County",SPPS
128,"AR, Mississippi County",MISS
129,"AR, Monroe County",MISS
130,"AR, Montgomery County",SPPS
131,"AR, Nevada County",MISS
132,"AR, Newton County",SPPS
133,"AR, Ouachita County",MISS
134,"AR, Perry County",MISS
135,"AR, Phillips County",MISS
136,"AR, Pike County",SPPS
137,"AR, Poinsett County",MISS
138,"AR, Polk County",SPPS
139,"AR, Pope County",MISS
140,"AR, Prairie County",MISS
141,"AR, Pulaski County",MISS
142,"AR, Randolph County",MISS
143,"AR, St. Francis County",MISS
144,"AR, Saline County",MISS
145,"AR, Scott County",SPPS
146,"AR, Searcy County",MISS
147,"AR, Sebastian County",SPPS
148,"AR, Sevier County",SPPS
149,"AR, Sharp County",MISS
150,"AR, Stone County",MISS
151,"AR, Union County",MISS
152,"AR, Van Buren County",MISS
153,"AR, Washington County",SPPS
154,"AR, White County",MISS
155,"AR, Woodruff County",MISS
156,"AR, Yell County",SPPS
157,"CA, Alameda County",CANO
158,"CA, Alpine County",CANO
159,"CA, Amador County",CANO
160,"CA, Butte County",CANO
161,"CA, Calaveras County",CANO
162,"CA, Colusa County",CANO
163,"CA, Contra Costa County",CANO
164,"CA, Del Norte County",NWPP
165,"CA, El Dorado County",CANO
166,"CA, Fresno County",CANO
167,"CA, Glenn County",CANO
168,"CA, Humboldt County",CANO
169,"CA, Imperial County",SRSG
170,"CA, Inyo County",CASO
171,"CA, Kern County",CASO
172,"CA, Kings County",CANO
173,"CA, Lake County",CANO
174,"CA, Lassen County",NWPP
175,"CA, Los Angeles County",CASO
176,"CA, Madera County",CANO
177,"CA, Marin County",CANO
178,"CA, Mariposa County",CANO
179,"CA, Mendocino County",CANO
180,"CA, Merced County",CANO
181,"CA, Modoc County",NWPP
182,"CA, Mono County",CASO
183,"CA, Monterey County",CANO
184,"CA, Napa County",CANO
185,"CA, Nevada County",CANO
186,"CA, Orange County",CASO
187,"CA, Placer County",CANO
188,"CA, Plumas County",CANO
189,"CA, Riverside County",CASO
190,"CA, Sacramento County",CANO
191,"CA, San Benito County",CANO
192,"CA, San Bernardino County",CASO
193,"CA, San Diego County",CASO
194,"CA, San Francisco County",CANO
195,"CA, San Joaquin County",CANO
196,"CA, San Luis Obispo County",CANO
197,"CA, San Mateo County",CANO
198,"CA, Santa Barbara County",CANO
199,"CA, Santa Clara County",CANO
200,"CA, Santa Cruz County",CANO
201,"CA, Shasta County",CANO
202,"CA, Sierra County",CANO
203,"CA, Siskiyou County",NWPP
204,"CA, Solano County",CANO
205,"CA, Sonoma County",CANO
206,"CA, Stanislaus County",CANO
207,"CA, Sutter County",CANO
208,"CA, Tehama County",CANO
209,"CA, Trinity County",CANO
210,"CA, Tulare County",CASO
211,"CA, Tuolumne County",CANO
212,"CA, Ventura County",CASO
213,"CA, Yolo County",CANO
214,"CA, Yuba County",CANO
215,"CO, Adams County",RMRG
216,"CO, Alamosa County",RMRG
217,"CO, Arapahoe County",RMRG
218,"CO, Archuleta County",RMRG
219,"CO, Baca County",RMRG
220,"CO, Bent County",RMRG
221,"CO, Boulder County",RMRG
222,"CO, Broomfield County",RMRG
223,"CO, Chaffee County",RMRG
224,"CO, Cheyenne County",RMRG
225,"CO, Clear Creek County",RMRG
226,"CO, Conejos County",RMRG
227,"CO, Costilla County",RMRG
228,"CO, Crowley County",RMRG
229,"CO, Custer County",RMRG
230,"CO, Delta County",RMRG
231,"CO, Denver County",RMRG
232,"CO, Dolores County",RMRG
233,"CO, Douglas County",RMRG
234,"CO, Eagle County",RMRG
235,"CO, Elbert County",RMRG
236,"CO, El Paso County",RMRG
237,"CO, Fremont County",RMRG
238,"CO, Garfield County",RMRG
239,"CO, Gilpin County",RMRG
240,"CO, Grand County",RMRG
241,"CO, Gunnison County",RMRG
242,"CO, Hinsdale County",RMRG
243,"CO, Huerfano County",RMRG
244,"CO, Jackson County",RMRG
245,"CO, Jefferson County",RMRG
246,"CO, Kiowa County",RMRG
247,"CO, Kit Carson County",RMRG
248,"CO, Lake County",RMRG
249,"CO, La Plata County",RMRG
250,"CO, Larimer County",RMRG
251,"CO, Las Animas County",RMRG
252,"CO, Lincoln County",RMRG
253,"CO, Logan County",RMRG
254,"CO, Mesa County",RMRG
255,"CO, Mineral County",RMRG
256,"CO, Moffat County",RMRG
257,"CO, Montezuma County",RMRG
258,"CO, Montrose County",RMRG
259,"CO, Morgan County",RMRG
260,"CO, Otero County",RMRG
261,"CO, Ouray County",RMRG
262,"CO, Park County",RMRG
263,"CO, Phillips County",RMRG
264,"CO, Pitkin County",RMRG
265,"CO, Prowers County",RMRG
266,"CO, Pueblo County",RMRG
267,"CO, Rio Blanco County",RMRG
268,"CO, Rio Grande County",RMRG
269,"CO, Routt County",RMRG
270,"CO, Saguache County",RMRG
271,"CO, San Juan County",RMRG
272,"CO, San Miguel County",RMRG
273,"CO, Sedgwick County",RMRG
274,"CO, Summit County",RMRG
275,"CO, Teller County",RMRG
276,"CO, Washington County",RMRG
277,"CO, Weld County",RMRG
278,"CO, Yuma County",RMRG
279,"CT, Fairfield County",ISNE
280,"CT, Hartford County",ISNE
281,"CT, Litchfield County",ISNE
282,"CT, Middlesex County",ISNE
283,"CT, New Haven County",ISNE
284,"CT, New London County",ISNE
285,"CT, Tolland County",ISNE
286,"CT, Windham County",ISNE
287,"DE, Kent County",PJME
288,"DE, New Castle County",PJME
289,"DE, Sussex County",PJME
290,"DC, District of Columbia",PJMD
291,"FL, Alachua County",FRCC
292,"FL, Baker County",FRCC
293,"FL, Bay County",SRSE
294,"FL, Bradford County",FRCC
295,"FL, Brevard County",FRCC
296,"FL, Broward County",FRCC
297,"FL, Calhoun County",SRSE
298,"FL, Charlotte County",FRCC
299,"FL, Citrus County",FRCC
300,"FL, Clay County",FRCC
301,"FL, Collier County",FRCC
302,"FL, Columbia County",FRCC
303,"FL, DeSoto County",FRCC
304,"FL, Dixie County",FRCC
305,"FL, Duval County",FRCC
306,"FL, Escambia County",SRSE
307,"FL, Flagler County",FRCC
308,"FL, Franklin County",FRCC
309,"FL, Gadsden County",FRCC
310,"FL, Gilchrist County",FRCC
311,"FL, Glades County",FRCC
312,"FL, Gulf County",SRSE
313,"FL, Hamilton County",FRCC
314,"FL, Hardee County",FRCC
315,"FL, Hendry County",FRCC
316,"FL, Hernando County",FRCC
317,"FL, Highlands County",FRCC
318,"FL, Hillsborough County",FRCC
319,"FL, Holmes County",SRSE
320,"FL, Indian River County",FRCC
321,"FL, Jackson County",SRSE
322,"FL, Jefferson County",FRCC
323,"FL, Lafayette County",FRCC
324,"FL, Lake County",FRCC
325,"FL, Lee County",FRCC
326,"FL, Leon County",FRCC
327,"FL, Levy County",FRCC
328,"FL, Liberty County",FRCC
329,"FL, Madison County",FRCC
330,"FL, Manatee County",FRCC
331,"FL, Marion County",FRCC
332,"FL, Martin County",FRCC
333,"FL, Miami-Dade County",FRCC
334,"FL, Monroe County",FRCC
335,"FL, Nassau County",FRCC
336,"FL, Okaloosa County",SRSE
337,"FL, Okeechobee County",FRCC
338,"FL, Orange County",FRCC
339,"FL, Osceola County",FRCC
340,"FL, Palm Beach County",FRCC
341,"FL, Pasco County",FRCC
342,"FL, Pinellas County",FRCC
343,"FL, Polk County",FRCC
344,"FL, Putnam County",FRCC
345,"FL, St. Johns County",FRCC
346,"FL, St. Lucie County",FRCC
347,"FL, Santa Rosa County",SRSE
348,"FL, Sarasota County",FRCC
349,"FL, Seminole County",FRCC
350,"FL, Sumter County",FRCC
351,"FL, Suwannee County",FRCC
352,"FL, Taylor County",FRCC
353,"FL, Union County",FRCC
354,"FL, Volusia County",FRCC
355,"FL, Wakulla County",FRCC
356,"FL, Walton County",SRSE
357,"FL, Washington County",SRSE
358,"GA, Appling County",SRSE
359,"GA, Atkinson County",SRSE
360,"GA, Bacon County",SRSE
361,"GA, Baker County",SRSE
362,"GA, Baldwin County",SRSE
363,"GA, Banks County",SRSE
364,"GA, Barrow County",SRSE
365,"GA, Bartow County",SRSE
366,"GA, Ben Hill County",SRSE
367,"GA, Berrien County",SRSE
368,"GA, Bibb County",SRSE
369,"GA, Bleckley County",SRSE
370,"GA, Brantley County",SRSE
371,"GA, Brooks County",SRSE
372,"GA, Bryan County",SRSE
373,"GA, Bulloch County",SRSE
374,"GA, Burke County",SRSE
375,"GA, Butts County",SRSE
376,"GA, Calhoun County",SRSE
377,"GA, Camden County",SRSE
378,"GA, Candler County",SRSE
379,"GA, Carroll County",SRSE
380,"GA, Catoosa County",SRSE
381,"GA, Charlton County",SRSE
382,"GA, Chatham County",SRSE
383,"GA, Chattahoochee County",SRSE
384,"GA, Chattooga County",SRSE
385,"GA, Cherokee County",SRSE
386,"GA, Clarke County",SRSE
387,"GA, Clay County",SRSE
388,"GA, Clayton County",SRSE
389,"GA, Clinch County",SRSE
390,"GA, Cobb County",SRSE
391,"GA, Coffee County",SRSE
392,"GA, Colquitt County",SRSE
393,"GA, Columbia County",SRSE
394,"GA, Cook County",SRSE
395,"GA, Coweta County",SRSE
396,"GA, Crawford County",SRSE
397,"GA, Crisp County",SRSE
398,"GA, Dade County",SRCE
399,"GA, Dawson County",SRSE
400,"GA, Decatur County",SRSE
401,"GA, DeKalb County",SRSE
402,"GA, Dodge County",SRSE
403,"GA, Dooly County",SRSE
404,"GA, Dougherty County",SRSE
405,"GA, Douglas County",SRSE
406,"GA, Early County",SRSE
407,"GA, Echols County",SRSE
408,"GA, Effingham County",SRSE
409,"GA, Elbert County",SRSE
410,"GA, Emanuel County",SRSE
411,"GA, Evans County",SRSE
412,"GA, Fannin County",SRSE
413,"GA, Fayette County",SRSE
414,"GA, Floyd County",SRSE
415,"GA, Forsyth County",SRSE
416,"GA, Franklin County",SRSE
417,"GA, Fulton County",SRSE
418,"GA, Gilmer County",SRSE
419,"GA, Glascock County",SRSE
420,"GA, Glynn County",SRSE
421,"GA, Gordon County",SRSE
422,"GA, Grady County",SRSE
423,"GA, Greene County",SRSE
424,"GA, Gwinnett County",SRSE
425,"GA, Habersham County",SRSE
426,"GA, Hall County",SRSE
427,"GA, Hancock County",SRSE
428,"GA, Haralson County",SRSE
429,"GA, Harris County",SRSE
430,"GA, Hart County",SRSE
431,"GA, Heard County",SRSE
432,"GA, Henry County",SRSE
433,"GA, Houston County",SRSE
434,"GA, Irwin County",SRSE
435,"GA, Jackson County",SRSE
436,"GA, Jasper County",SRSE
437,"GA, Jeff Davis County",SRSE
438,"GA, Jefferson County",SRSE
439,"GA, Jenkins County",SRSE
440,"GA, Johnson County",SRSE
441,"GA, Jones County",SRSE
442,"GA, Lamar County",SRSE
443,"GA, Lanier County",SRSE
444,"GA, Laurens County",SRSE
445,"GA, Lee County",SRSE
446,"GA, Liberty County",SRSE
447,"GA, Lincoln County",SRSE
448,"GA, Long County",SRSE
449,"GA, Lowndes County",SRSE
450,"GA, Lumpkin County",SRSE
451,"GA, McDuffie County",SRSE
452,"GA, McIntosh County",SRSE
453,"GA, Macon County",SRSE
454,"GA, Madison County",SRSE
455,"GA, Marion County",SRSE
456,"GA, Meriwether County",SRSE
457,"GA, Miller County",SRSE
458,"GA, Mitchell County",SRSE
459,"GA, Monroe County",SRSE
460,"GA, Montgomery County",SRSE
461,"GA, Morgan County",SRSE
462,"GA, Murray County",SRSE
463,"GA, Muscogee County",SRSE
464,"GA, Newton County",SRSE
465,"GA, Oconee County",SRSE
466,"GA, Oglethorpe County",SRSE
467,"GA, Paulding County",SRSE
468,"GA, Peach County",SRSE
469,"GA, Pickens County",SRSE
470,"GA, Pierce County",SRSE
471,"GA, Pike County",SRSE
472,"GA, Polk County",SRSE
473,"GA, Pulaski County",SRSE
474,"GA, Putnam County",SRSE
475,"GA, Quitman County",SRSE
476,"GA, Rabun County",SRSE
477,"GA, Randolph County",SRSE
478,"GA, Richmond County",SRSE
479,"GA, Rockdale County",SRSE
480,"GA, Schley County",SRSE
481,"GA, Screven County",SRSE
482,"GA, Seminole County",SRSE
483,"GA, Spalding County",SRSE
484,"GA, Stephens County",SRSE
485,"GA, Stewart County",SRSE
486,"GA, Sumter County",SRSE
487,"GA, Talbot County",SRSE
488,"GA, Taliaferro County",SRSE
489,"GA, Tattnall County",SRSE
490,"GA, Taylor County",SRSE
491,"GA, Telfair County",SRSE
492,"GA, Terrell County",SRSE
493,"GA, Thomas County",SRSE
494,"GA, Tift County",SRSE
495,"GA, Toombs County",SRSE
496,"GA, Towns County",SRCE
497,"GA, Treutlen County",SRSE
498,"GA, Troup County",SRSE
499,"GA, Turner County",SRSE
500,"GA, Twiggs County",SRSE
501,"GA, Union County",SRCE
502,"GA, Upson County",SRSE
503,"GA, Walker County",SRSE
504,"GA, Walton County",SRSE
505,"GA, Ware County",SRSE
506,"GA, Warren County",SRSE
507,"GA, Washington County",SRSE
508,"GA, Wayne County",SRSE
509,"GA, Webster County",SRSE
510,"GA, Wheeler County",SRSE
511,"GA, White County",SRSE
512,"GA, Whitfield County",SRSE
513,"GA, Wilcox County",SRSE
514,"GA, Wilkes County",SRSE
515,"GA, Wilkinson County",SRSE
516,"GA, Worth County",SRSE
517,"ID, Ada County",BASN
518,"ID, Adams County",BASN
519,"ID, Bannock County",BASN
520,"ID, Bear Lake County",BASN
521,"ID, Benewah County",NWPP
522,"ID, Bingham County",BASN
523,"ID, Blaine County",BASN
524,"ID, Boise County",BASN
525,"ID, Bonner County",NWPP
526,"ID, Bonneville County",BASN
527,"ID, Boundary County",NWPP
528,"ID, Butte County",BASN
529,"ID, Camas County",BASN
530,"ID, Canyon County",BASN
531,"ID, Caribou County",BASN
532,"ID, Cassia County",BASN
533,"ID, Clark County",BASN
534,"ID, Clearwater County",NWPP
535,"ID, Custer County",BASN
536,"ID, Elmore County",BASN
537,"ID, Franklin County",BASN
538,"ID, Fremont County",BASN
539,"ID, Gem County",BASN
540,"ID, Gooding County",BASN
541,"ID, Idaho County",BASN
542,"ID, Jefferson County",BASN
543,"ID, Jerome County",BASN
544,"ID, Kootenai County",NWPP
545,"ID, Latah County",NWPP
546,"ID, Lemhi County",BASN
547,"ID, Lewis County",NWPP
548,"ID, Lincoln County",BASN
549,"ID, Madison County",BASN
550,"ID, Minidoka County",BASN
551,"ID, Nez Perce County",NWPP
552,"ID, Oneida County",BASN
553,"ID, Owyhee County",BASN
554,"ID, Payette County",BASN
555,"ID, Power County",BASN
556,"ID, Shoshone County",NWPP
557,"ID, Teton County",BASN
558,"ID, Twin Falls County",BASN
559,"ID, Valley County",BASN
560,"ID, Washington County",BASN
561,"IL, Adams County",MISC
562,"IL, Alexander County",MISC
563,"IL, Bond County",MISC
564,"IL, Boone County",PJMC
565,"IL, Brown County",MISC
566,"IL, Bureau County",MISC
567,"IL, Calhoun County",MISC
568,"IL, Carroll County",PJMC
569,"IL, Cass County",MISC
570,"IL, Champaign County",MISC
571,"IL, Christian County",MISC
572,"IL, Clark County",MISC
573,"IL, Clay County",MISC
574,"IL, Clinton County",MISC
575,"IL, Coles County",MISC
576,"IL, Cook County",PJMC
577,"IL, Crawford County",MISC
578,"IL, Cumberland County",MISC
579,"IL, DeKalb County",PJMC
580,"IL, De Witt County",MISC
581,"IL, Douglas County",MISC
582,"IL, DuPage County",PJMC
583,"IL, Edgar County",MISC
584,"IL, Edwards County",MISC
585,"IL, Effingham County",MISC
586,"IL, Fayette County",MISC
587,"IL, Ford County",MISC
588,"IL, Franklin County",MISC
589,"IL, Fulton County",MISC
590,"IL, Gallatin County",MISC
591,"IL, Greene County",MISC
592,"IL, Grundy County",MISC
593,"IL, Hamilton County",MISC
594,"IL, Hancock County",MISC
595,"IL, Hardin County",MISC
596,"IL, Henderson County",MISC
597,"IL, Henry County",MISC
598,"IL, Iroquois County",MISC
599,"IL, Jackson County",MISC
600,"IL, Jasper County",MISC
601,"IL, Jefferson County",MISC
602,"IL, Jersey County",MISC
603,"IL, Jo Daviess County",MISW
604,"IL, Johnson County",MISC
605,"IL, Kane County",PJMC
606,"IL, Kankakee County",MISC
607,"IL, Kendall County",MISC
608,"IL, Knox County",MISC
609,"IL, Lake County",PJMC
610,"IL, LaSalle County",MISC
611,"IL, Lawrence County",MISC
612,"IL, Lee County",PJMC
613,"IL, Livingston County",MISC
614,"IL, Logan County",MISC
615,"IL, McDonough County",MISC
616,"IL, McHenry County",PJMC
617,"IL, McLean County",MISC
618,"IL, Macon County",MISC
619,"IL, Macoupin County",MISC
620,"IL, Madison County",MISC
621,"IL, Marion County",MISC
622,"IL, Marshall County",MISC
623,"IL, Mason County",MISC
624,"IL, Massac County",MISC
625,"IL, Menard County",MISC
626,"IL, Mercer County",MISC
627,"IL, Monroe County",MISC
628,"IL, Montgomery County",MISC
629,"IL, Morgan County",MISC
630,"IL, Moultrie County",MISC
631,"IL, Ogle County",PJMC
632,"IL, Peoria County",MISC
633,"IL, Perry County",MISC
634,"IL, Piatt County",MISC
635,"IL, Pike County",MISC
636,"IL, Pope County",MISC
637,"IL, Pulaski County",MISC
638,"IL, Putnam County",MISC
639,"IL, Randolph County",MISC
640,"IL, Richland County",MISC
641,"IL, Rock Island County",MISC
642,"IL, St. Clair County",MISC
643,"IL, Saline County",MISC
644,"IL, Sangamon County",MISC
645,"IL, Schuyler County",MISC
646,"IL, Scott County",MISC
647,"IL, Shelby County",MISC
648,"IL, Stark County",MISC
649,"IL, Stephenson County",PJMC
650,"IL, Tazewell County",MISC
651,"IL, Union County",MISC
652,"IL, Vermilion County",MISC
653,"IL, Wabash County",MISC
654,"IL, Warren County",MISC
655,"IL, Washington County",MISC
656,"IL, Wayne County",MISC
657,"IL, White County",MISC
658,"IL, Whiteside County",PJMC
659,"IL, Will County",PJMC
660,"IL, Williamson County",MISC
661,"IL, Winnebago County",PJMC
662,"IL, Woodford County",MISC
663,"IN, Adams County",PJMW
664,"IN, Allen County",PJMW
665,"IN, Bartholomew County",MISC
666,"IN, Benton County",MISC
667,"IN, Blackford County",PJMW
668,"IN, Boone County",MISC
669,"IN, Brown County",MISC
670,"IN, Carroll County",PJMW
671,"IN, Cass County",MISC
672,"IN, Clark County",MISC
673,"IN, Clay County",MISC
674,"IN, Clinton County",MISC
675,"IN, Crawford County",MISC
676,"IN, Daviess County",MISC
677,"IN, Dearborn County",MISC
678,"IN, Decatur County",MISC
679,"IN, DeKalb County",PJMW
680,"IN, Delaware County",PJMW
681,"IN, Dubois County",MISC
682,"IN, Elkhart County",PJMW
683,"IN, Fayette County",MISC
684,"IN, Floyd County",MISC
685,"IN, Fountain County",MISC
686,"IN, Franklin County",MISC
687,"IN, Fulton County",MISC
688,"IN, Gibson County",MISC
689,"IN, Grant County",PJMW
690,"IN, Greene County",MISC
691,"IN, Hamilton County",PJMW
692,"IN, Hancock County",MISC
693,"IN, Harrison County",MISC
694,"IN, Hendricks County",MISC
695,"IN, Henry County",PJMW
696,"IN, Howard County",PJMW
697,"IN, Huntington County",PJMW
698,"IN, Jackson County",MISC
699,"IN, Jasper County",MISC
700,"IN, Jay County",PJMW
701,"IN, Jefferson County",MISC
702,"IN, Jennings County",MISC
703,"IN, Johnson County",MISC
704,"IN, Knox County",MISC
705,"IN, Kosciusko County",PJMW
706,"IN, LaGrange County",PJMW
707,"IN, Lake County",MISC
708,"IN, LaPorte County",PJMW
709,"IN, Lawrence County",MISC
710,"IN, Madison County",PJMW
711,"IN, Marion County",MISC
712,"IN, Marshall County",PJMW
713,"IN, Martin County",MISC
714,"IN, Miami County",PJMW
715,"IN, Monroe County",MISC
716,"IN, Montgomery County",PJMW
717,"IN, Morgan County",MISC
718,"IN, Newton County",MISC
719,"IN, Noble County",PJMW
720,"IN, Ohio County",MISC
721,"IN, Orange County",MISC
722,"IN, Owen County",MISC
723,"IN, Parke County",MISC
724,"IN, Perry County",MISC
725,"IN, Pike County",MISC
726,"IN, Porter County",MISC
727,"IN, Posey County",MISC
728,"IN, Pulaski County",MISC
729,"IN, Putnam County",MISC
730,"IN, Randolph County",PJMW
731,"IN, Ripley County",MISC
732,"IN, Rush County",MISC
733,"IN, St. Joseph County",PJMW
734,"IN, Scott County",MISC
735,"IN, Shelby County",MISC
736,"IN, Spencer County",MISC
737,"IN, Starke County",MISC
738,"IN, Steuben County",PJMW
739,"IN, Sullivan County",MISC
740,"IN, Switzerland County",MISC
741,"IN, Tippecanoe County",MISC
742,"IN, Tipton County",PJMW
743,"IN, Union County",MISC
744,"IN, Vanderburgh County",MISC
745,"IN, Vermillion County",MISC
746,"IN, Vigo County",MISC
747,"IN, Wabash County",PJMW
748,"IN, Warren County",MISC
749,"IN, Warrick County",MISC
750,"IN, Washington County",MISC
751,"IN, Wayne County",MISC
752,"IN, Wells County",PJMW
753,"IN, White County",MISC
754,"IN, Whitley County",PJMW
755,"IA, Adair County",SPPN
756,"IA, Adams County",MISW
757,"IA, Allamakee County",MISW
758,"IA, Appanoose County",MISW
759,"IA, Audubon County",SPPN
760,"IA, Benton County",MISW
761,"IA, Black Hawk County",MISW
762,"IA, Boone County",MISW
763,"IA, Bremer County",MISW
764,"IA, Buchanan County",MISW
765,"IA, Buena Vista County",SPPN
766,"IA, Butler County",MISW
767,"IA, Calhoun County",MISW
768,"IA, Carroll County",SPPN
769,"IA, Cass County",SPPN
770,"IA, Cedar County",MISW
771,"IA, Cerro Gordo County",MISW
772,"IA, Cherokee County",SPPN
773,"IA, Chickasaw County",MISW
774,"IA, Clarke County",MISW
775,"IA, Clay County",SPPN
776,"IA, Clayton County",MISW
777,"IA, Clinton County",MISW
778,"IA, Crawford County",SPPN
779,"IA, Dallas County",MISW
780,"IA, Davis County",MISW
781,"IA, Decatur County",MISW
782,"IA, Delaware County",MISW
783,"IA, Des Moines County",MISW
784,"IA, Dickinson County",SPPN
785,"IA, Dubuque County",MISW
786,"IA, Emmet County",SPPN
787,"IA, Fayette County",MISW
788,"IA, Floyd County",MISW
789,"IA, Franklin County",MISW
790,"IA, Fremont County",MISW
791,"IA, Greene County",MISW
792,"IA, Grundy County",MISW
793,"IA, Guthrie County",SPPN
794,"IA, Hamilton County",MISW
795,"IA, Hancock County",MISW
796,"IA, Hardin County",MISW
797,"IA, Harrison County",SPPN
798,"IA, Henry County",MISW
799,"IA, Howard County",MISW
800,"IA, Humboldt County",MISW
801,"IA, Ida County",SPPN
802,"IA, Iowa County",MISW
803,"IA, Jackson County",MISW
804,"IA, Jasper County",MISW
805,"IA, Jefferson County",MISW
806,"IA, Johnson County",MISW
807,"IA, Jones County",MISW
808,"IA, Keokuk County",MISW
809,"IA, Kossuth County",SPPN
810,"IA, Lee County",MISW
811,"IA, Linn County",MISW
812,"IA, Louisa County",MISW
813,"IA, Lucas County",MISW
814,"IA, Lyon County",SPPN
815,"IA, Madison County",MISW
816,"IA, Mahaska County",MISW
817,"IA, Marion County",MISW
818,"IA, Marshall County",MISW
819,"IA, Mills County",MISW
820,"IA, Mitchell County",MISW
821,"IA, Monona County",SPPN
822,"IA, Monroe County",MISW
823,"IA, Montgomery County",MISW
824,"IA, Muscatine County",MISW
825,"IA, O'Brien County",SPPN
826,"IA, Osceola County",SPPN
827,"IA, Page County",MISW
828,"IA, Palo Alto County",SPPN
829,"IA, Plymouth County",SPPN
830,"IA, Pocahontas County",SPPN
831,"IA, Polk County",MISW
832,"IA, Pottawattamie County",SPPN
833,"IA, Poweshiek County",MISW
834,"IA, Ringgold County",SPPN
835,"IA, Sac County",SPPN
836,"IA, Scott County",MISW
837,"IA, Shelby County",SPPN
838,"IA, Sioux County",SPPN
839,"IA, Story County",MISW
840,"IA, Tama County",MISW
841,"IA, Taylor County",SPPN
842,"IA, Union County",SPPN
843,"IA, Van Buren County",MISW
844,"IA, Wapello County",MISW
845,"IA, Warren County",MISW
846,"IA, Washington County",MISW
847,"IA, Wayne County",MISW
848,"IA, Webster County",MISW
849,"IA, Winnebago County",MISW
850,"IA, Winneshiek County",MISW
851,"IA, Woodbury County",SPPN
852,"IA, Worth County",MISW
853,"IA, Wright County",MISW
854,"KS, Allen County",SPPC
855,"KS, Anderson County",SPPC
856,"KS, Atchison County",SPPC
857,"KS, Barber County",SPPC
858,"KS, Barton County",SPPC
859,"KS, Bourbon County",SPPC
860,"KS, Brown County",SPPC
861,"KS, Butler County",SPPC
862,"KS, Chase County",SPPC
863,"KS, Chautauqua County",SPPC
864,"KS, Cherokee County",SPPC
865,"KS, Cheyenne County",SPPC
866,"KS, Clark County",SPPC
867,"KS, Clay County",SPPC
868,"KS, Cloud County",SPPC
869,"KS, Coffey County",SPPC
870,"KS, Comanche County",SPPC
871,"KS, Cowley County",SPPC
872,"KS, Crawford County",SPPC
873,"KS, Decatur County",SPPC
874,"KS, Dickinson County",SPPC
875,"KS, Doniphan County",SPPC
876,"KS, Douglas County",SPPC
877,"KS, Edwards County",SPPC
878,"KS, Elk County",SPPC
879,"KS, Ellis County",SPPC
880,"KS, Ellsworth County",SPPC
881,"KS, Finney County",SPPC
882,"KS, Ford County",SPPC
883,"KS, Franklin County",SPPC
884,"KS, Geary County",SPPC
885,"KS, Gove County",SPPC
886,"KS, Graham County",SPPC
887,"KS, Grant County",SPPC
888,"KS, Gray County",SPPC
889,"KS, Greeley County",SPPC
890,"KS, Greenwood County",SPPC
891,"KS, Hamilton County",SPPC
892,"KS, Harper County",SPPC
893,"KS, Harvey County",SPPC
894,"KS, Haskell County",SPPC
895,"KS, Hodgeman County",SPPC
896,"KS, Jackson County",SPPC
897,"KS, Jefferson County",SPPC
898,"KS, Jewell County",SPPC
899,"KS, Johnson County",SPPC
900,"KS, Kearny County",SPPC
901,"KS, Kingman County",SPPC
902,"KS, Kiowa County",SPPC
903,"KS, Labette County",SPPC
904,"KS, Lane County",SPPC
905,"KS, Leavenworth County",SPPC
906,"KS, Lincoln County",SPPC
907,"KS, Linn County",SPPC
908,"KS, Logan County",SPPC
909,"KS, Lyon County",SPPC
910,"KS, McPherson County",SPPC
911,"KS, Marion County",SPPC
912,"KS, Marshall County",SPPC
913,"KS, Meade County",SPPC
914,"KS, Miami County",SPPC
915,"KS, Mitchell County",SPPC
916,"KS, Montgomery County",SPPC
917,"KS, Morris County",SPPC
918,"KS, Morton County",SPPC
919,"KS, Nemaha County",SPPC
920,"KS, Neosho County",SPPC
921,"KS, Ness County",SPPC
922,"KS, Norton County",SPPC
923,"KS, Osage County",SPPC
924,"KS, Osborne County",SPPC
925,"KS, Ottawa County",SPPC
926,"KS, Pawnee County",SPPC
927,"KS, Phillips County",SPPC
928,"KS, Pottawatomie County",SPPC
929,"KS, Pratt County",SPPC
930,"KS, Rawlins County",SPPC
931,"KS, Reno County",SPPC
932,"KS, Republic County",SPPC
933,"KS, Rice County",SPPC
934,"KS, Riley County",SPPC
935,"KS, Rooks County",SPPC
936,"KS, Rush County",SPPC
937,"KS, Russell County",SPPC
938,"KS, Saline County",SPPC
939,"KS, Scott County",SPPC
940,"KS, Sedgwick County",SPPC
941,"KS, Seward County",SPPC
942,"KS, Shawnee County",SPPC
943,"KS, Sheridan County",SPPC
944,"KS, Sherman County",SPPC
945,"KS, Smith County",SPPC
946,"KS, Stafford County",SPPC
947,"KS, Stanton County",SPPC
948,"KS, Stevens County",SPPC
949,"KS, Sumner County",SPPC
950,"KS, Thomas County",SPPC
951,"KS, Trego County",SPPC
952,"KS, Wabaunsee County",SPPC
953,"KS, Wallace County",SPPC
954,"KS, Washington County",SPPC
955,"KS, Wichita County",SPPC
956,"KS, Wilson County",SPPC
957,"KS, Woodson County",SPPC
958,"KS, Wyandotte County",SPPC
959,"KY, Adair County",SRCE
960,"KY, Allen County",SRCE
961,"KY, Anderson County",SRCE
962,"KY, Ballard County",SRCE
963,"KY, Barren County",SRCE
964,"KY, Bath County",SRCE
965,"KY, Bell County",SRCE
966,"KY, Boone County",SRCE
967,"KY, Bourbon County",SRCE
968,"KY, Boyd County",PJMW
969,"KY, Boyle County",SRCE
970,"KY, Bracken County",SRCE
971,"KY, Breathitt County",SRCE
972,"KY, Breckinridge County",SRCE
973,"KY, Bullitt County",SRCE
974,"KY, Butler County",SRCE
975,"KY, Caldwell County",SRCE
976,"KY, Calloway County",SRCE
977,"KY, Campbell County",PJMW
978,"KY, Carlisle County",SRCE
979,"KY, Carroll County",SRCE
980,"KY, Carter County",SRCE
981,"KY, Casey County",SRCE
982,"KY, Christian County",SRCE
983,"KY, Clark County",SRCE
984,"KY, Clay County",SRCE
985,"KY, Clinton County",SRCE
986,"KY, Crittenden County",SRCE
987,"KY, Cumberland County",SRCE
988,"KY, Daviess County",SRCE
989,"KY, Edmonson County",SRCE
990,"KY, Elliott County",SRCE
991,"KY, Estill County",SRCE
992,"KY, Fayette County",SRCE
993,"KY, Fleming County",SRCE
994,"KY, Floyd County",SRCE
995,"KY, Franklin County",SRCE
996,"KY, Fulton County",SRCE
997,"KY, Gallatin County",SRCE
998,"KY, Garrard County",SRCE
999,"KY, Grant County",SRCE
1000,"KY, Graves County",SRCE
1001,"KY, Grayson County",SRCE
1002,"KY, Green County",SRCE
1003,"KY, Greenup County",SRCE
1004,"KY, Hancock County",SRCE
1005,"KY, Hardin County",SRCE
1006,"KY, Harlan County",SRCE
1007,"KY, Harrison County",SRCE
1008,"KY, Hart County",SRCE
1009,"KY, Henderson County",SRCE
1010,"KY, Henry County",SRCE
1011,"KY, Hickman County",SRCE
1012,"KY, Hopkins County",SRCE
1013,"KY, Jackson County",SRCE
1014,"KY, Jefferson County",SRCE
1015,"KY, Jessamine County",SRCE
1016,"KY, Johnson County",PJMW
1017,"KY, Kenton County",PJMW
1018,"KY, Knott County",PJMW
1019,"KY, Knox County",SRCE
1020,"KY, Larue County",SRCE
1021,"KY, Laurel County",SRCE
1022,"KY, Lawrence County",PJMW
1023,"KY, Lee County",SRCE
1024,"KY, Leslie County",SRCE
1025,"KY, Letcher County",SRCE
1026,"KY, Lewis County",SRCE
1027,"KY, Lincoln County",SRCE
1028,"KY, Livingston County",SRCE
1029,"KY, Logan County",SRCE
1030,"KY, Lyon County",SRCE
1031,"KY, McCracken County",SRCE
1032,"KY, McCreary County",SRCE
1033,"KY, McLean County",SRCE
1034,"KY, Madison County",SRCE
1035,"KY, Magoffin County",SRCE
1036,"KY, Marion County",SRCE
1037,"KY, Marshall County",SRCE
1038,"KY, Martin County",PJMW
1039,"KY, Mason County",SRCE
1040,"KY, Meade County",SRCE
1041,"KY, Menifee County",SRCE
1042,"KY, Mercer County",SRCE
1043,"KY, Metcalfe County",SRCE
1044,"KY, Monroe County",SRCE
1045,"KY, Montgomery County",SRCE
1046,"KY, Morgan County",SRCE
1047,"KY, Muhlenberg County",SRCE
1048,"KY, Nelson County",SRCE
1049,"KY, Nicholas County",SRCE
1050,"KY, Ohio County",SRCE
1051,"KY, Oldham County",SRCE
1052,"KY, Owen County",SRCE
1053,"KY, Owsley County",SRCE
1054,"KY, Pendleton County",SRCE
1055,"KY, Perry County",SRCE
1056,"KY, Pike County",PJMW
1057,"KY, Powell County",SRCE
1058,"KY, Pulaski County",SRCE
1059,"KY, Robertson County",SRCE
1060,"KY, Rockcastle County",SRCE
1061,"KY, Rowan County",SRCE
1062,"KY, Russell County",SRCE
1063,"KY, Scott County",SRCE
1064,"KY, Shelby County",SRCE
1065,"KY, Simpson County",SRCE
1066,"KY, Spencer County",SRCE
1067,"KY, Taylor County",SRCE
1068,"KY, Todd County",SRCE
1069,"KY, Trigg County",SRCE
1070,"KY, Trimble County",SRCE
1071,"KY, Union County",SRCE
1072,"KY, Warren County",SRCE
1073,"KY, Washington County",SRCE
1074,"KY, Wayne County",SRCE
1075,"KY, Webster County",SRCE
1076,"KY, Whitley County",SRCE
1077,"KY, Wolfe County",SRCE
1078,"KY, Woodford County",SRCE
1079,"LA, Acadia Parish",MISS
1080,"LA, Allen Parish",SPPS
1081,"LA, Ascension Parish",MISS
1082,"LA, Assumption Parish",MISS
1083,"LA, Avoyelles Parish",SPPS
1084,"LA, Beauregard Parish",SPPS
1085,"LA, Bienville Parish",SPPS
1086,"LA, Bossier Parish",SPPS
1087,"LA, Caddo Parish",SPPS
1088,"LA, Calcasieu Parish",MISS
1089,"LA, Caldwell Parish",MISS
1090,"LA, Cameron Parish",MISS
1091,"LA, Catahoula Parish",MISS
1092,"LA, Claiborne Parish",MISS
1093,"LA, Concordia Parish",MISS
1094,"LA, De Soto Parish",SPPS
1095,"LA, East Baton Rouge Parish",MISS
1096,"LA, East Carroll Parish",MISS
1097,"LA, East Feliciana Parish",MISS
1098,"LA, Evangeline Parish",SPPS
1099,"LA, Franklin Parish",MISS
1100,"LA, Grant Parish",SPPS
1101,"LA, Iberia Parish",MISS
1102,"LA, Iberville Parish",MISS
1103,"LA, Jackson Parish",SPPS
1104,"LA, Jefferson Parish",MISS
1105,"LA, Jefferson Davis Parish",MISS
1106,"LA, Lafayette Parish",MISS
1107,"LA, Lafourche Parish",MISS
1108,"LA, La Salle Parish",SPPS
1109,"LA, Lincoln Parish",MISS
1110,"LA, Livingston Parish",MISS
1111,"LA, Madison Parish",MISS
1112,"LA, Morehouse Parish",MISS
1113,"LA, Natchitoches Parish",SPPS
1114,"LA, Orleans Parish",MISS
1115,"LA, Ouachita Parish",MISS
1116,"LA, Plaquemines Parish",MISS
1117,"LA, Pointe Coupee Parish",MISS
1118,"LA, Rapides Parish",SPPS
1119,"LA, Red River Parish",SPPS
1120,"LA, Richland Parish",MISS
1121,"LA, Sabine Parish",SPPS
1122,"LA, St. Bernard Parish",MISS
1123,"LA, St. Charles Parish",MISS
1124,"LA, St. Helena Parish",MISS
1125,"LA, St. James Parish",MISS
1126,"LA, St. John the Baptist Parish",MISS
1127,"LA, St. Landry Parish",MISS
1128,"LA, St. Martin Parish",MISS
1129,"LA, St. Mary Parish",MISS
1130,"LA, St. Tammany Parish",MISS
1131,"LA, Tangipahoa Parish",MISS
1132,"LA, Tensas Parish",MISS
1133,"LA, Terrebonne Parish",MISS
1134,"LA, Union Parish",MISS
1135,"LA, Vermilion Parish",MISS
1136,"LA, Vernon Parish",SPPS
1137,"LA, Washington Parish",MISS
1138,"LA, Webster Parish",SPPS
1139,"LA, West Baton Rouge Parish",MISS
1140,"LA, West Carroll Parish",MISS
1141,"LA, West Feliciana Parish",MISS
1142,"LA, Winn Parish",SPPS
1143,"ME, Androscoggin County",ISNE
1144,"ME, Aroostook County",ISNE
1145,"ME, Cumberland County",ISNE
1146,"ME, Franklin County",ISNE
1147,"ME, Hancock County",ISNE
1148,"ME, Kennebec County",ISNE
1149,"ME, Knox County",ISNE
1150,"ME, Lincoln County",ISNE
1151,"ME, Oxford County",ISNE
1152,"ME, Penobscot County",ISNE
1153,"ME, Piscataquis County",ISNE
1154,"ME, Sagadahoc County",ISNE
1155,"ME, Somerset County",ISNE
1156,"ME, Waldo County",ISNE
1157,"ME, Washington County",ISNE
1158,"ME, York County",ISNE
1159,"MD, Allegany County",PJMW
1160,"MD, Anne Arundel County",PJME
1161,"MD, Baltimore County",PJME
1162,"MD, Calvert County",PJME
1163,"MD, Caroline County",PJME
1164,"MD, Carroll County",PJME
1165,"MD, Cecil County",PJME
1166,"MD, Charles County",PJME
1167,"MD, Dorchester County",PJME
1168,"MD, Frederick County",PJMW
1169,"MD, Garrett County",PJMW
1170,"MD, Harford County",PJME
1171,"MD, Howard County",PJME
1172,"MD, Kent County",PJME
1173,"MD, Montgomery County",PJMW
1174,"MD, Prince George's County",PJME
1175,"MD, Queen Anne's County",PJME
1176,"MD, St. Mary's County",PJME
1177,"MD, Somerset County",PJME
1178,"MD, Talbot County",PJME
1179,"MD, Washington County",PJMW
1180,"MD, Wicomico County",PJME
1181,"MD, Worcester County",PJME
1182,"MD, Baltimore city",PJME
1183,"MA, Barnstable County",ISNE
1184,"MA, Berkshire County",ISNE
1185,"MA, Bristol County",ISNE
1186,"MA, Dukes County",ISNE
1187,"MA, Essex County",ISNE
1188,"MA, Franklin County",ISNE
1189,"MA, Hampden County",ISNE
1190,"MA, Hampshire County",ISNE
1191,"MA, Middlesex County",ISNE
1192,"MA, Nantucket County",ISNE
1193,"MA, Norfolk County",ISNE
1194,"MA, Plymouth County",ISNE
1195,"MA, Suffolk County",ISNE
1196,"MA, Worcester County",ISNE
1197,"MI, Alcona County",MISE
1198,"MI, Alger County",MISW
1199,"MI, Allegan County",PJMW
1200,"MI, Alpena County",MISE
1201,"MI, Antrim County",MISE
1202,"MI, Arenac County",MISE
1203,"MI, Baraga County",MISW
1204,"MI, Barry County",MISE
1205,"MI, Bay County",MISE
1206,"MI, Benzie County",MISE
1207,"MI, Berrien County",PJMW
1208,"MI, Branch County",MISE
1209,"MI, Calhoun County",MISE
1210,"MI, Cass County",PJMW
1211,"MI, Charlevoix County",MISE
1212,"MI, Cheboygan County",MISE
1213,"MI, Chippewa County",MISW
1214,"MI, Clare County",MISE
1215,"MI, Clinton County",MISE
1216,"MI, Crawford County",MISE
1217,"MI, Delta County",MISW
1218,"MI, Dickinson County",MISW
1219,"MI, Eaton County",MISE
1220,"MI, Emmet County",MISE
1221,"MI, Genesee County",MISE
1222,"MI, Gladwin County",MISE
1223,"MI, Gogebic County",MISW
1224,"MI, Grand Traverse County",MISE
1225,"MI, Gratiot County",MISE
1226,"MI, Hillsdale County",MISE
1227,"MI, Houghton County",MISW
1228,"MI, Huron County",MISE
1229,"MI, Ingham County",MISE
1230,"MI, Ionia County",MISE
1231,"MI, Iosco County",MISE
1232,"MI, Iron County",MISW
1233,"MI, Isabella County",MISE
1234,"MI, Jackson County",MISE
1235,"MI, Kalamazoo County",PJMW
1236,"MI, Kalkaska County",MISE
1237,"MI, Kent County",MISE
1238,"MI, Keweenaw County",MISW
1239,"MI, Lake County",MISE
1240,"MI, Lapeer County",MISE
1241,"MI, Leelanau County",MISE
1242,"MI, Lenawee County",MISE
1243,"MI, Livingston County",MISE
1244,"MI, Luce County",MISW
1245,"MI, Mackinac County",MISW
1246,"MI, Macomb County",MISE
1247,"MI, Manistee County",MISE
1248,"MI, Marquette County",MISW
1249,"MI, Mason County",MISE
1250,"MI, Mecosta County",MISE
1251,"MI, Menominee County",MISW
1252,"MI, Midland County",MISE
1253,"MI, Missaukee County",MISE
1254,"MI, Monroe County",MISE
1255,"MI, Montcalm County",MISE
1256,"MI, Montmorency County",MISE
1257,"MI, Muskegon County",MISE
1258,"MI, Newaygo County",MISE
1259,"MI, Oakland County",MISE
1260,"MI, Oceana County",MISE
1261,"MI, Ogemaw County",MISE
1262,"MI, Ontonagon County",MISW
1263,"MI, Osceola County",MISE
1264,"MI, Oscoda County",MISE
1265,"MI, Otsego County",MISE
1266,"MI, Ottawa County",MISE
1267,"MI, Presque Isle County",MISE
1268,"MI, Roscommon County",MISE
1269,"MI, Saginaw County",MISE
1270,"MI, St. Clair County",MISE
1271,"MI, St. Joseph County",PJMW
1272,"MI, Sanilac County",MISE
1273,"MI, Schoolcraft County",MISW
1274,"MI, Shiawassee County",MISE
1275,"MI, Tuscola County",MISE
1276,"MI, Van Buren County",PJMW
1277,"MI, Washtenaw County",MISE
1278,"MI, Wayne County",MISE
1279,"MI, Wexford County",MISE
1280,"MN, Aitkin County",MISW
1281,"MN, Anoka County",MISW
1282,"MN, Becker County",MISW
1283,"MN, Beltrami County",MISW
1284,"MN, Benton County",MISW
1285,"MN, Big Stone County",MISW
1286,"MN, Blue Earth County",MISW
1287,"MN, Brown County",MISW
1288,"MN, Carlton County",MISW
1289,"MN, Carver County",MISW
1290,"MN, Cass County",MISW
1291,"MN, Chippewa County",SPPN
1292,"MN, Chisago County",MISW
1293,"MN, Clay County",SPPN
1294,"MN, Clearwater County",MISW
1295,"MN, Cook County",MISW
1296,"MN, Cottonwood County",MISW
1297,"MN, Crow Wing County",MISW
1298,"MN, Dakota County",MISW
1299,"MN, Dodge County",MISW
1300,"MN, Douglas County",MISW
1301,"MN, Faribault County",MISW
1302,"MN, Fillmore County",MISW
1303,"MN, Freeborn County",MISW
1304,"MN, Goodhue County",MISW
1305,"MN, Grant County",SPPN
1306,"MN, Hennepin County",MISW
1307,"MN, Houston County",MISW
1308,"MN, Hubbard County",MISW
1309,"MN, Isanti County",MISW
1310,"MN, Itasca County",MISW
1311,"MN, Jackson County",MISW
1312,"MN, Kanabec County",MISW
1313,"MN, Kandiyohi County",MISW
1314,"MN, Kittson County",MISW
1315,"MN, Koochiching County",MISW
1316,"MN, Lac qui Parle County",MISW
1317,"MN, Lake County",MISW
1318,"MN, Lake of the Woods County",MISW
1319,"MN, Le Sueur County",MISW
1320,"MN, Lincoln County",SPPN
1321,"MN, Lyon County",SPPN
1322,"MN, McLeod County",MISW
1323,"MN, Mahnomen County",MISW
1324,"MN, Marshall County",MISW
1325,"MN, Martin County",MISW
1326,"MN, Meeker County",MISW
1327,"MN, Mille Lacs County",MISW
1328,"MN, Morrison County",MISW
1329,"MN, Mower County",MISW
1330,"MN, Murray County",SPPN
1331,"MN, Nicollet County",MISW
1332,"MN, Nobles County",MISW
1333,"MN, Norman County",MISW
1334,"MN, Olmsted County",MISW
1335,"MN, Otter Tail County",SPPN
1336,"MN, Pennington County",MISW
1337,"MN, Pine County",MISW
1338,"MN, Pipestone County",SPPN
1339,"MN, Polk County",SPPN
1340,"MN, Pope County",MISW
1341,"MN, Ramsey County",MISW
1342,"MN, Red Lake County",MISW
1343,"MN, Redwood County",MISW
1344,"MN, Renville County",MISW
1345,"MN, Rice County",MISW
1346,"MN, Rock County",MISW
1347,"MN, Roseau County",MISW
1348,"MN, St. Louis County",MISW
1349,"MN, Scott County",MISW
1350,"MN, Sherburne County",MISW
1351,"MN, Sibley County",MISW
1352,"MN, Stearns County",MISW
1353,"MN, Steele County",MISW
1354,"MN, Stevens County",SPPN
1355,"MN, Swift County",SPPN
1356,"MN, Todd County",MISW
1357,"MN, Traverse County",SPPN
1358,"MN, Wabasha County",MISW
1359,"MN, Wadena County",MISW
1360,"MN, Waseca County",MISW
1361,"MN, Washington County",MISW
1362,"MN, Watonwan County",MISW
1363,"MN, Wilkin County",SPPN
1364,"MN, Winona County",MISW
1365,"MN, Wright County",MISW
1366,"MN, Yellow Medicine County",SPPN
1367,"MS, Adams County",MISS
1368,"MS, Alcorn County",SRCE
1369,"MS, Amite County",MISS
1370,"MS, Attala County",MISS
1371,"MS, Benton County",SRCE
1372,"MS, Bolivar County",MISS
1373,"MS, Calhoun County",MISS
1374,"MS, Carroll County",MISS
1375,"MS, Chickasaw County",SRCE
1376,"MS, Choctaw County",SRCE
1377,"MS, Claiborne County",MISS
1378,"MS, Clarke County",SRSE
1379,"MS, Clay County",SRCE
1380,"MS, Coahoma County",MISS
1381,"MS, Copiah County",MISS
1382,"MS, Covington County",SRSE
1383,"MS, DeSoto County",MISS
1384,"MS, Forrest County",SRSE
1385,"MS, Franklin County",MISS
1386,"MS, George County",SRSE
1387,"MS, Greene County",SRSE
1388,"MS, Grenada County",MISS
1389,"MS, Hancock County",SRSE
1390,"MS, Harrison County",SRSE
1391,"MS, Hinds County",MISS
1392,"MS, Holmes County",MISS
1393,"MS, Humphreys County",MISS
1394,"MS, Issaquena County",MISS
1395,"MS, Itawamba County",SRCE
1396,"MS, Jackson County",SRSE
1397,"MS, Jasper County",SRSE
1398,"MS, Jefferson County",MISS
1399,"MS, Jefferson Davis County",MISS
1400,"MS, Jones County",SRSE
1401,"MS, Kemper County",SRSE
1402,"MS, Lafayette County",SRCE
1403,"MS, Lamar County",SRSE
1404,"MS, Lauderdale County",SRSE
1405,"MS, Lawrence County",MISS
1406,"MS, Leake County",MISS
1407,"MS, Lee County",SRCE
1408,"MS, Leflore County",MISS
1409,"MS, Lincoln County",MISS
1410,"MS, Lowndes County",SRCE
1411,"MS, Madison County",MISS
1412,"MS, Marion County",MISS
1413,"MS, Marshall County",MISS
1414,"MS, Monroe County",SRCE
1415,"MS, Montgomery County",MISS
1416,"MS, Neshoba County",SRSE
1417,"MS, Newton County",SRSE
1418,"MS, Noxubee County",SRCE
1419,"MS, Oktibbeha County",SRCE
1420,"MS, Panola County",MISS
1421,"MS, Pearl River County",SRSE
1422,"MS, Perry County",SRSE
1423,"MS, Pike County",MISS
1424,"MS, Pontotoc County",SRCE
1425,"MS, Prentiss County",SRCE
1426,"MS, Quitman County",MISS
1427,"MS, Rankin County",MISS
1428,"MS, Scott County",MISS
1429,"MS, Sharkey County",MISS
1430,"MS, Simpson County",MISS
1431,"MS, Smith County",SRSE
1432,"MS, Stone County",SRSE
1433,"MS, Sunflower County",MISS
1434,"MS, Tallahatchie County",MISS
1435,"MS, Tate County",MISS
1436,"MS, Tippah County",SRCE
1437,"MS, Tishomingo County",SRCE
1438,"MS, Tunica County",MISS
1439,"MS, Union County",SRCE
1440,"MS, Walthall County",MISS
1441,"MS, Warren County",MISS
1442,"MS, Washington County",MISS
1443,"MS, Wayne County",SRSE
1444,"MS, Webster County",MISS
1445,"MS, Wilkinson County",MISS
1446,"MS, Winston County",SRCE
1447,"MS, Yalobusha County",MISS
1448,"MS, Yazoo County",MISS
1449,"MO, Adair County",MISC
1450,"MO, Andrew County",SPPC
1451,"MO, Atchison County",SPPC
1452,"MO, Audrain County",MISC
1453,"MO, Barry County",SPPC
1454,"MO, Barton County",SPPC
1455,"MO, Bates County",SPPC
1456,"MO, Benton County",SPPC
1457,"MO, Bollinger County",MISC
1458,"MO, Boone County",MISC
1459,"MO, Buchanan County",SPPC
1460,"MO, Butler County",MISC
1461,"MO, Caldwell County",SPPC
1462,"MO, Callaway County",MISC
1463,"MO, Camden County",MISC
1464,"MO, Cape Girardeau County",MISC
1465,"MO, Carroll County",SPPC
1466,"MO, Carter County",MISC
1467,"MO, Cass County",SPPC
1468,"MO, Cedar County",SPPC
1469,"MO, Chariton County",MISC
1470,"MO, Christian County",SPPC
1471,"MO, Clark County",MISC
1472,"MO, Clay County",SPPC
1473,"MO, Clinton County",SPPC
1474,"MO, Cole County",MISC
1475,"MO, Cooper County",MISC
1476,"MO, Crawford County",MISC
1477,"MO, Dade County",SPPC
1478,"MO, Dallas County",SPPC
1479,"MO, Daviess County",SPPC
1480,"MO, DeKalb County",SPPC
1481,"MO, Dent County",MISC
1482,"MO, Douglas County",SPPC
1483,"MO, Dunklin County",MISC
1484,"MO, Franklin County",MISC
1485,"MO, Gasconade County",MISC
1486,"MO, Gentry County",SPPC
1487,"MO, Greene County",SPPC
1488,"MO, Grundy County",SPPC
1489,"MO, Harrison County",SPPC
1490,"MO, Henry County",SPPC
1491,"MO, Hickory County",SPPC
1492,"MO, Holt County",SPPC
1493,"MO, Howard County",MISC
1494,"MO, Howell County",MISC
1495,"MO, Iron County",MISC
1496,"MO, Jackson County",SPPC
1497,"MO, Jasper County",SPPC
1498,"MO, Jefferson County",MISC
1499,"MO, Johnson County",SPPC
1500,"MO, Knox County",MISC
1501,"MO, Laclede County",MISC
1502,"MO, Lafayette County",SPPC
1503,"MO, Lawrence County",SPPC
1504,"MO, Lewis County",MISC
1505,"MO, Lincoln County",MISC
1506,"MO, Linn County",MISC
1507,"MO, Livingston County",SPPC
1508,"MO, McDonald County",SPPC
1509,"MO, Macon County",MISC
1510,"MO, Madison County",MISC
1511,"MO, Maries County",MISC
1512,"MO, Marion County",MISC
1513,"MO, Mercer County",SPPC
1514,"MO, Miller County",MISC
1515,"MO, Mississippi County",MISC
1516,"MO, Moniteau County",MISC
1517,"MO, Monroe County",MISC
1518,"MO, Montgomery County",MISC
1519,"MO, Morgan County",MISC
1520,"MO, New Madrid County",MISC
1521,"MO, Newton County",SPPC
1522,"MO, Nodaway County",SPPC
1523,"MO, Oregon County",MISC
1524,"MO, Osage County",MISC
1525,"MO, Ozark County",SPPC
1526,"MO, Pemiscot County",MISC
1527,"MO, Perry County",MISC
1528,"MO, Pettis County",SPPC
1529,"MO, Phelps County",MISC
1530,"MO, Pike County",MISC
1531,"MO, Platte County",SPPC
1532,"MO, Polk County",SPPC
1533,"MO, Pulaski County",MISC
1534,"MO, Putnam County",MISC
1535,"MO, Ralls County",MISC
1536,"MO, Randolph County",MISC
1537,"MO, Ray County",SPPC
1538,"MO, Reynolds County",MISC
1539,"MO, Ripley County",MISC
1540,"MO, St. Charles County",MISC
1541,"MO, St. Clair County",SPPC
1542,"MO, Ste. Genevieve County",MISC
1543,"MO, St. Francois County",MISC
1544,"MO, St. Louis County",MISC
1545,"MO, Saline County",SPPC
1546,"MO, Schuyler County",MISC
1547,"MO, Scotland County",MISC
1548,"MO, Scott County",MISC
1549,"MO, Shannon County",MISC
1550,"MO, Shelby County",MISC
1551,"MO, Stoddard County",MISC
1552,"MO, Stone County",SPPC
1553,"MO, Sullivan County",MISC
1554,"MO, Taney County",SPPC
1555,"MO, Texas County",MISC
1556,"MO, Vernon County",SPPC
1557,"MO, Warren County",MISC
1558,"MO, Washington County",MISC
1559,"MO, Wayne County",MISC
1560,"MO, Webster County",SPPC
1561,"MO, Worth County",SPPC
1562,"MO, Wright County",MISC
1563,"MO, St. Louis city",MISC
1564,"MT, Beaverhead County",NWPP
1565,"MT, Big Horn County",NWPP
1566,"MT, Blaine County",NWPP
1567,"MT, Broadwater County",NWPP
1568,"MT, Carbon County",NWPP
1569,"MT, Carter County",NWPP
1570,"MT, Cascade County",NWPP
1571,"MT, Chouteau County",NWPP
1572,"MT, Custer County",NWPP
1573,"MT, Daniels County",MISW
1574,"MT, Dawson County",SPPN
1575,"MT, Deer Lodge County",NWPP
1576,"MT, Fallon County",SPPN
1577,"MT, Fergus County",NWPP
1578,"MT, Flathead County",NWPP
1579,"MT, Gallatin County",NWPP
1580,"MT, Garfield County",NWPP
1581,"MT, Glacier County",NWPP
1582,"MT, Golden Valley County",NWPP
1583,"MT, Granite County",NWPP
1584,"MT, Hill County",NWPP
1585,"MT, Jefferson County",NWPP
1586,"MT, Judith Basin County",NWPP
1587,"MT, Lake County",NWPP
1588,"MT, Lewis and Clark County",NWPP
1589,"MT, Liberty County",NWPP
1590,"MT, Lincoln County",NWPP
1591,"MT, McCone County",MISW
1592,"MT, Madison County",NWPP
1593,"MT, Meagher County",NWPP
1594,"MT, Mineral County",NWPP
1595,"MT, Missoula County",NWPP
1596,"MT, Musselshell County",NWPP
1597,"MT, Park County",NWPP
1598,"MT, Petroleum County",NWPP
1599,"MT, Phillips County",NWPP
1600,"MT, Pondera County",NWPP
1601,"MT, Powder River County",NWPP
1602,"MT, Powell County",NWPP
1603,"MT, Prairie County",SPPN
1604,"MT, Ravalli County",NWPP
1605,"MT, Richland County",SPPN
1606,"MT, Roosevelt County",SPPN
1607,"MT, Rosebud County",NWPP
1608,"MT, Sanders County",NWPP
1609,"MT, Sheridan County",MISW
1610,"MT, Silver Bow County",NWPP
1611,"MT, Stillwater County",NWPP
1612,"MT, Sweet Grass County",NWPP
1613,"MT, Teton County",NWPP
1614,"MT, Toole County",NWPP
1615,"MT, Treasure County",NWPP
1616,"MT, Valley County",NWPP
1617,"MT, Wheatland County",NWPP
1618,"MT, Wibaux County",SPPN
1619,"MT, Yellowstone County",NWPP
1620,"NE, Adams County",SPPN
1621,"NE, Antelope County",SPPN
1622,"NE, Arthur County",SPPN
1623,"NE, Banner County",RMRG
1624,"NE, Blaine County",SPPN
1625,"NE, Boone County",SPPN
1626,"NE, Box Butte County",SPPN
1627,"NE, Boyd County",SPPN
1628,"NE, Brown County",SPPN
1629,"NE, Buffalo County",SPPN
1630,"NE, Burt County",SPPN
1631,"NE, Butler County",SPPN
1632,"NE, Cass County",SPPN
1633,"NE, Cedar County",SPPN
1634,"NE, Chase County",SPPN
1635,"NE, Cherry County",SPPN
1636,"NE, Cheyenne County",RMRG
1637,"NE, Clay County",SPPN
1638,"NE, Colfax County",SPPN
1639,"NE, Cuming County",SPPN
1640,"NE, Custer County",SPPN
1641,"NE, Dakota County",SPPN
1642,"NE, Dawes County",RMRG
1643,"NE, Dawson County",SPPN
1644,"NE, Deuel County",SPPN
1645,"NE, Dixon County",SPPN
1646,"NE, Dodge County",SPPN
1647,"NE, Douglas County",SPPN
1648,"NE, Dundy County",SPPN
1649,"NE, Fillmore County",SPPN
1650,"NE, Franklin County",SPPN
1651,"NE, Frontier County",SPPN
1652,"NE, Furnas County",SPPN
1653,"NE, Gage County",SPPN
1654,"NE, Garden County",SPPN
1655,"NE, Garfield County",SPPN
1656,"NE, Gosper County",SPPN
1657,"NE, Grant County",SPPN
1658,"NE, Greeley County",SPPN
1659,"NE, Hall County",SPPN
1660,"NE, Hamilton County",SPPN
1661,"NE, Harlan County",SPPN
1662,"NE, Hayes County",SPPN
1663,"NE, Hitchcock County",SPPN
1664,"NE, Holt County",SPPN
1665,"NE, Hooker County",SPPN
1666,"NE, Howard County",SPPN
1667,"NE, Jefferson County",SPPN
1668,"NE, Johnson County",SPPN
1669,"NE, Kearney County",SPPN
1670,"NE, Keith County",SPPN
1671,"NE, Keya Paha County",SPPN
1672,"NE, Kimball County",RMRG
1673,"NE, Knox County",SPPN
1674,"NE, Lancaster County",SPPN
1675,"NE, Lincoln County",SPPN
1676,"NE, Logan County",SPPN
1677,"NE, Loup County",SPPN
1678,"NE, McPherson County",SPPN
1679,"NE, Madison County",SPPN
1680,"NE, Merrick County",SPPN
1681,"NE, Morrill County",SPPN
1682,"NE, Nance County",SPPN
1683,"NE, Nemaha County",SPPN
1684,"NE, Nuckolls County",SPPN
1685,"NE, Otoe County",SPPN
1686,"NE, Pawnee County",SPPN
1687,"NE, Perkins County",SPPN
1688,"NE, Phelps County",SPPN
1689,"NE, Pierce County",SPPN
1690,"NE, Platte County",SPPN
1691,"NE, Polk County",SPPN
1692,"NE, Red Willow County",SPPN
1693,"NE, Richardson County",SPPN
1694,"NE, Rock County",SPPN
1695,"NE, Saline County",SPPN
1696,"NE, Sarpy County",SPPN
1697,"NE, Saunders County",SPPN
1698,"NE, Scotts Bluff County",SPPN
1699,"NE, Seward County",SPPN
1700,"NE, Sheridan County",SPPN
1701,"NE, Sherman County",SPPN
1702,"NE, Sioux County",RMRG
1703,"NE, Stanton County",SPPN
1704,"NE, Thayer County",SPPN
1705,"NE, Thomas County",SPPN
1706,"NE, Thurston County",SPPN
1707,"NE, Valley County",SPPN
1708,"NE, Washington County",SPPN
1709,"NE, Wayne County",SPPN
1710,"NE, Webster County",SPPN
1711,"NE, Wheeler County",SPPN
1712,"NE, York County",SPPN
1713,"NV, Churchill County",BASN
1714,"NV, Clark County",BASN
1715,"NV, Douglas County",BASN
1716,"NV, Elko County",BASN
1717,"NV, Esmeralda County",BASN
1718,"NV, Eureka County",BASN
1719,"NV, Humboldt County",BASN
1720,"NV, Lander County",BASN
1721,"NV, Lincoln County",BASN
1722,"NV, Lyon County",BASN
1723,"NV, Mineral County",BASN
1724,"NV, Nye County",BASN
1725,"NV, Pershing County",BASN
1726,"NV, Storey County",BASN
1727,"NV, Washoe County",BASN
1728,"NV, White Pine County",BASN
1729,"NV, Carson City",BASN
1730,"NH, Belknap County",ISNE
1731,"NH, Carroll County",ISNE
1732,"NH, Cheshire County",ISNE
1733,"NH, Coos County",ISNE
1734,"NH, Grafton County",ISNE
1735,"NH, Hillsborough County",ISNE
1736,"NH, Merrimack County",ISNE
1737,"NH, Rockingham County",ISNE
1738,"NH, Strafford County",ISNE
1739,"NH, Sullivan County",ISNE
1740,"NJ, Atlantic County",PJME
1741,"NJ, Bergen County",PJME
1742,"NJ, Burlington County",PJME
1743,"NJ, Camden County",PJME
1744,"NJ, Cape May County",PJME
1745,"NJ, Cumberland County",PJME
1746,"NJ, Essex County",PJME
1747,"NJ, Gloucester County",PJME
1748,"NJ, Hudson County",PJME
1749,"NJ, Hunterdon County",PJME
1750,"NJ, Mercer County",PJME
1751,"NJ, Middlesex County",PJME
1752,"NJ, Monmouth County",PJME
1753,"NJ, Morris County",PJME
1754,"NJ, Ocean County",PJME
1755,"NJ, Passaic County",PJME
1756,"NJ, Salem County",PJME
1757,"NJ, Somerset County",PJME
1758,"NJ, Sussex County",PJME
1759,"NJ, Union County",PJME
1760,"NJ, Warren County",PJME
1761,"NM, Bernalillo County",SRSG
1762,"NM, Catron County",SRSG
1763,"NM, Chaves County",SPPS
1764,"NM, Cibola County",SRSG
1765,"NM, Colfax County",SRSG
1766,"NM, Curry County",SPPS
1767,"NM, De Baca County",SRSG
1768,"NM, Dona Ana County",SRSG
1769,"NM, Eddy County",SPPS
1770,"NM, Grant County",SRSG
1771,"NM, Guadalupe County",SRSG
1772,"NM, Harding County",SRSG
1773,"NM, Hidalgo County",SRSG
1774,"NM, Lea County",SPPS
1775,"NM, Lincoln County",SRSG
1776,"NM, Los Alamos County",SRSG
1777,"NM, Luna County",SRSG
1778,"NM, McKinley County",SRSG
1779,"NM, Mora County",SRSG
1780,"NM, Otero County",SRSG
1781,"NM, Quay County",SPPS
1782,"NM, Rio Arriba County",SRSG
1783,"NM, Roosevelt County",SPPS
1784,"NM, Sandoval County",SRSG
1785,"NM, San Juan County",RMRG
1786,"NM, San Miguel County",SRSG
1787,"NM, Santa Fe County",SRSG
1788,"NM, Sierra County",SRSG
1789,"NM, Socorro County",SRSG
1790,"NM, Taos County",SRSG
1791,"NM, Torrance County",SRSG
1792,"NM, Union County",SRSG
1793,"NM, Valencia County",SRSG
1794,"NY, Albany County",NYUP
1795,"NY, Allegany County",NYUP
1796,"NY, Bronx County",NYCW
1797,"NY, Broome County",NYUP
1798,"NY, Cattaraugus County",NYUP
1799,"NY, Cayuga County",NYUP
1800,"NY, Chautauqua County",NYUP
1801,"NY, Chemung County",NYUP
1802,"NY, Chenango County",NYUP
1803,"NY, Clinton County",NYUP
1804,"NY, Columbia County",NYUP
1805,"NY, Cortland County",NYUP
1806,"NY, Delaware County",NYUP
1807,"NY, Dutchess County",NYUP
1808,"NY, Erie County",NYUP
1809,"NY, Essex County",NYUP
1810,"NY, Franklin County",NYUP
1811,"NY, Fulton County",NYUP
1812,"NY, Genesee County",NYUP
1813,"NY, Greene County",NYUP
1814,"NY, Hamilton County",NYUP
1815,"NY, Herkimer County",NYUP
1816,"NY, Jefferson County",NYUP
1817,"NY, Kings County",NYCW
1818,"NY, Lewis County",NYUP
1819,"NY, Livingston County",NYUP
1820,"NY, Madison County",NYUP
1821,"NY, Monroe County",NYUP
1822,"NY, Montgomery County",NYUP
1823,"NY, Nassau County",NYCW
1824,"NY, New York County",NYCW
1825,"NY, Niagara County",NYUP
1826,"NY, Oneida County",NYUP
1827,"NY, Onondaga County",NYUP
1828,"NY, Ontario County",NYUP
1829,"NY, Orange County",NYUP
1830,"NY, Orleans County",NYUP
1831,"NY, Oswego County",NYUP
1832,"NY, Otsego County",NYUP
1833,"NY, Putnam County",NYUP
1834,"NY, Queens County",NYCW
1835,"NY, Rensselaer County",NYUP
1836,"NY, Richmond County",PJME
1837,"NY, Rockland County",NYUP
1838,"NY, St. Lawrence County",NYUP
1839,"NY, Saratoga County",NYUP
1840,"NY, Schenectady County",NYUP
1841,"NY, Schoharie County",NYUP
1842,"NY, Schuyler County",NYUP
1843,"NY, Seneca County",NYUP
1844,"NY, Steuben County",NYUP
1845,"NY, Suffolk County",NYCW
1846,"NY, Sullivan County",NYUP
1847,"NY, Tioga County",NYUP
1848,"NY, Tompkins County",NYUP
1849,"NY, Ulster County",NYUP
1850,"NY, Warren County",NYUP
1851,"NY, Washington County",NYUP
1852,"NY, Wayne County",NYUP
1853,"NY, Westchester County",NYCW
1854,"NY, Wyoming County",NYUP
1855,"NY, Yates County",NYUP
1856,"NC, Alamance County",SRCA
1857,"NC, Alexander County",SRCA
1858,"NC, Alleghany County",SRCA
1859,"NC, Anson County",SRCA
1860,"NC, Ashe County",SRCA
1861,"NC, Avery County",SRCA
1862,"NC, Beaufort County",PJMD
1863,"NC, Bertie County",PJMD
1864,"NC, Bladen County",SRCA
1865,"NC, Brunswick County",SRCA
1866,"NC, Buncombe County",SRCA
1867,"NC, Burke County",SRCA
1868,"NC, Cabarrus County",SRCA
1869,"NC, Caldwell County",SRCA
1870,"NC, Camden County",PJMD
1871,"NC, Carteret County",SRCA
1872,"NC, Caswell County",SRCA
1873,"NC, Catawba County",SRCA
1874,"NC, Chatham County",SRCA
1875,"NC, Cherokee County",SRCA
1876,"NC, Chowan County",PJMD
1877,"NC, Clay County",SRCA
1878,"NC, Cleveland County",SRCA
1879,"NC, Columbus County",SRCA
1880,"NC, Craven County",SRCA
1881,"NC, Cumberland County",SRCA
1882,"NC, Currituck County",PJMD
1883,"NC, Dare County",PJMD
1884,"NC, Davidson County",SRCA
1885,"NC, Davie County",SRCA
1886,"NC, Duplin County",SRCA
1887,"NC, Durham County",SRCA
1888,"NC, Edgecombe County",PJMD
1889,"NC, Forsyth County",SRCA
1890,"NC, Franklin County",SRCA
1891,"NC, Gaston County",SRCA
1892,"NC, Gates County",PJMD
1893,"NC, Graham County",SRCA
1894,"NC, Granville County",PJMD
1895,"NC, Greene County",SRCA
1896,"NC, Guilford County",SRCA
1897,"NC, Halifax County",PJMD
1898,"NC, Harnett County",SRCA
1899,"NC, Haywood County",SRCA
1900,"NC, Henderson County",SRCA
1901,"NC, Hertford County",PJMD
1902,"NC, Hoke County",SRCA
1903,"NC, Hyde County",PJMD
1904,"NC, Iredell County",SRCA
1905,"NC, Jackson County",SRCA
1906,"NC, Johnston County",SRCA
1907,"NC, Jones County",SRCA
1908,"NC, Lee County",SRCA
1909,"NC, Lenoir County",SRCA
1910,"NC, Lincoln County",SRCA
1911,"NC, McDowell County",SRCA
1912,"NC, Macon County",SRCA
1913,"NC, Madison County",SRCA
1914,"NC, Martin County",PJMD
1915,"NC, Mecklenburg County",SRCA
1916,"NC, Mitchell County",SRCA
1917,"NC, Montgomery County",SRCA
1918,"NC, Moore County",SRCA
1919,"NC, Nash County",PJMD
1920,"NC, New Hanover County",SRCA
1921,"NC, Northampton County",PJMD
1922,"NC, Onslow County",SRCA
1923,"NC, Orange County",SRCA
1924,"NC, Pamlico County",SRCA
1925,"NC, Pasquotank County",PJMD
1926,"NC, Pender County",SRCA
1927,"NC, Perquimans County",PJMD
1928,"NC, Person County",PJMD
1929,"NC, Pitt County",PJMD
1930,"NC, Polk County",SRCA
1931,"NC, Randolph County",SRCA
1932,"NC, Richmond County",SRCA
1933,"NC, Robeson County",SRCA
1934,"NC, Rockingham County",SRCA
1935,"NC, Rowan County",SRCA
1936,"NC, Rutherford County",SRCA
1937,"NC, Sampson County",SRCA
1938,"NC, Scotland County",SRCA
1939,"NC, Stanly County",SRCA
1940,"NC, Stokes County",SRCA
1941,"NC, Surry County",SRCA
1942,"NC, Swain County",SRCA
1943,"NC, Transylvania County",SRCA
1944,"NC, Tyrrell County",PJMD
1945,"NC, Union County",SRCA
1946,"NC, Vance County",SRCA
1947,"NC, Wake County",SRCA
1948,"NC, Warren County",PJMD
1949,"NC, Washington County",PJMD
1950,"NC, Watauga County",SRCA
1951,"NC, Wayne County",SRCA
1952,"NC, Wilkes County",SRCA
1953,"NC, Wilson County",SRCA
1954,"NC, Yadkin County",SRCA
1955,"NC, Yancey County",SRCA
1956,"ND, Adams County",SPPN
1957,"ND, Barnes County",SPPN
1958,"ND, Benson County",SPPN
1959,"ND, Billings County",SPPN
1960,"ND, Bottineau County",SPPN
1961,"ND, Bowman County",SPPN
1962,"ND, Burke County",SPPN
1963,"ND, Burleigh County",SPPN
1964,"ND, Cass County",SPPN
1965,"ND, Cavalier County",MISW
1966,"ND, Dickey County",SPPN
1967,"ND, Divide County",SPPN
1968,"ND, Dunn County",SPPN
1969,"ND, Eddy County",SPPN
1970,"ND, Emmons County",SPPN
1971,"ND, Foster County",SPPN
1972,"ND, Golden Valley County",SPPN
1973,"ND, Grand Forks County",SPPN
1974,"ND, Grant County",SPPN
1975,"ND, Griggs County",SPPN
1976,"ND, Hettinger County",SPPN
1977,"ND, Kidder County",SPPN
1978,"ND, LaMoure County",SPPN
1979,"ND, Logan County",SPPN
1980,"ND, McHenry County",SPPN
1981,"ND, McIntosh County",SPPN
1982,"ND, McKenzie County",SPPN
1983,"ND, McLean County",SPPN
1984,"ND, Mercer County",SPPN
1985,"ND, Morton County",SPPN
1986,"ND, Mountrail County",SPPN
1987,"ND, Nelson County",SPPN
1988,"ND, Oliver County",SPPN
1989,"ND, Pembina County",MISW
1990,"ND, Pierce County",SPPN
1991,"ND, Ramsey County",SPPN
1992,"ND, Ransom County",SPPN
1993,"ND, Renville County",SPPN
1994,"ND, Richland County",SPPN
1995,"ND, Rolette County",MISW
1996,"ND, Sargent County",SPPN
1997,"ND, Sheridan County",SPPN
1998,"ND, Sioux County",SPPN
1999,"ND, Slope County",SPPN
2000,"ND, Stark County",SPPN
2001,"ND, Steele County",SPPN
2002,"ND, Stutsman County",SPPN
2003,"ND, Towner County",SPPN
2004,"ND, Traill County",SPPN
2005,"ND, Walsh County",MISW
2006,"ND, Ward County",SPPN
2007,"ND, Wells County",SPPN
2008,"ND, Williams County",MISW
2009,"OH, Adams County",PJMW
2010,"OH, Allen County",PJMW
2011,"OH, Ashland County",PJMW
2012,"OH, Ashtabula County",PJMW
2013,"OH, Athens County",PJMW
2014,"OH, Auglaize County",PJMW
2015,"OH, Belmont County",PJMW
2016,"OH, Brown County",PJMW
2017,"OH, Butler County",PJMW
2018,"OH, Carroll County",PJMW
2019,"OH, Champaign County",PJMW
2020,"OH, Clark County",PJMW
2021,"OH, Clermont County",PJMW
2022,"OH, Clinton County",PJMW
2023,"OH, Columbiana County",PJMW
2024,"OH, Coshocton County",PJMW
2025,"OH, Crawford County",PJMW
2026,"OH, Cuyahoga County",PJMW
2027,"OH, Darke County",PJMW
2028,"OH, Defiance County",PJMW
2029,"OH, Delaware County",PJMW
2030,"OH, Erie County",PJMW
2031,"OH, Fairfield County",PJMW
2032,"OH, Fayette County",PJMW
2033,"OH, Franklin County",PJMW
2034,"OH, Fulton County",PJMW
2035,"OH, Gallia County",PJMW
2036,"OH, Geauga County",PJMW
2037,"OH, Greene County",PJMW
2038,"OH, Guernsey County",PJMW
2039,"OH, Hamilton County",PJMW
2040,"OH, Hancock County",PJMW
2041,"OH, Hardin County",PJMW
2042,"OH, Harrison County",PJMW
2043,"OH, Henry County",PJMW
2044,"OH, Highland County",PJMW
2045,"OH, Hocking County",PJMW
2046,"OH, Holmes County",PJMW
2047,"OH, Huron County",PJMW
2048,"OH, Jackson County",PJMW
2049,"OH, Jefferson County",PJMW
2050,"OH, Knox County",PJMW
2051,"OH, Lake County",PJMW
2052,"OH, Lawrence County",PJMW
2053,"OH, Licking County",PJMW
2054,"OH, Logan County",PJMW
2055,"OH, Lorain County",PJMW
2056,"OH, Lucas County",PJMW
2057,"OH, Madison County",PJMW
2058,"OH, Mahoning County",PJMW
2059,"OH, Marion County",PJMW
2060,"OH, Medina County",PJMW
2061,"OH, Meigs County",PJMW
2062,"OH, Mercer County",PJMW
2063,"OH, Miami County",PJMW
2064,"OH, Monroe County",PJMW
2065,"OH, Montgomery County",PJMW
2066,"OH, Morgan County",PJMW
2067,"OH, Morrow County",PJMW
2068,"OH, Muskingum County",PJMW
2069,"OH, Noble County",PJMW
2070,"OH, Ottawa County",PJMW
2071,"OH, Paulding County",PJMW
2072,"OH, Perry County",PJMW
2073,"OH, Pickaway County",PJMW
2074,"OH, Pike County",PJMW
2075,"OH, Portage County",PJMW
2076,"OH, Preble County",PJMW
2077,"OH, Putnam County",PJMW
2078,"OH, Richland County",PJMW
2079,"OH, Ross County",PJMW
2080,"OH, Sandusky County",PJMW
2081,"OH, Scioto County",PJMW
2082,"OH, Seneca County",PJMW
2083,"OH, Shelby County",PJMW
2084,"OH, Stark County",PJMW
2085,"OH, Summit County",PJMW
2086,"OH, Trumbull County",PJMW
2087,"OH, Tuscarawas County",PJMW
2088,"OH, Union County",PJMW
2089,"OH, Van Wert County",PJMW
2090,"OH, Vinton County",PJMW
2091,"OH, Warren County",PJMW
2092,"OH, Washington County",PJMW
2093,"OH, Wayne County",PJMW
2094,"OH, Williams County",PJMW
2095,"OH, Wood County",PJMW
2096,"OH, Wyandot County",PJMW
2097,"OK, Adair County",SPPS
2098,"OK, Alfalfa County",SPPS
2099,"OK, Atoka County",SPPS
2100,"OK, Beaver County",SPPS
2101,"OK, Beckham County",SPPS
2102,"OK, Blaine County",SPPS
2103,"OK, Bryan County",SPPS
2104,"OK, Caddo County",SPPS
2105,"OK, Canadian County",SPPS
2106,"OK, Carter County",SPPS
2107,"OK, Cherokee County",SPPS
2108,"OK, Choctaw County",SPPS
2109,"OK, Cimarron County",SPPS
2110,"OK, Cleveland County",SPPS
2111,"OK, Coal County",SPPS
2112,"OK, Comanche County",SPPS
2113,"OK, Cotton County",SPPS
2114,"OK, Craig County",SPPS
2115,"OK, Creek County",SPPS
2116,"OK, Custer County",SPPS
2117,"OK, Delaware County",SPPS
2118,"OK, Dewey County",SPPS
2119,"OK, Ellis County",SPPS
2120,"OK, Garfield County",SPPS
2121,"OK, Garvin County",SPPS
2122,"OK, Grady County",SPPS
2123,"OK, Grant County",SPPS
2124,"OK, Greer County",SPPS
2125,"OK, Harmon County",SPPS
2126,"OK, Harper County",SPPS
2127,"OK, Haskell County",SPPS
2128,"OK, Hughes County",SPPS
2129,"OK, Jackson County",SPPS
2130,"OK, Jefferson County",SPPS
2131,"OK, Johnston County",SPPS
2132,"OK, Kay County",SPPS
2133,"OK, Kingfisher County",SPPS
2134,"OK, Kiowa County",SPPS
2135,"OK, Latimer County",SPPS
2136,"OK, Le Flore County",SPPS
2137,"OK, Lincoln County",SPPS
2138,"OK, Logan County",SPPS
2139,"OK, Love County",SPPS
2140,"OK, McClain County",SPPS
2141,"OK, McCurtain County",SPPS
2142,"OK, McIntosh County",SPPS
2143,"OK, Major County",SPPS
2144,"OK, Marshall County",SPPS
2145,"OK, Mayes County",SPPS
2146,"OK, Murray County",SPPS
2147,"OK, Muskogee County",SPPS
2148,"OK, Noble County",SPPS
2149,"OK, Nowata County",SPPS
2150,"OK, Okfuskee County",SPPS
2151,"OK, Oklahoma County",SPPS
2152,"OK, Okmulgee County",SPPS
2153,"OK, Osage County",SPPS
2154,"OK, Ottawa County",SPPS
2155,"OK, Pawnee County",SPPS
2156,"OK, Payne County",SPPS
2157,"OK, Pittsburg County",SPPS
2158,"OK, Pontotoc County",SPPS
2159,"OK, Pottawatomie County",SPPS
2160,"OK, Pushmataha County",SPPS
2161,"OK, Roger Mills County",SPPS
2162,"OK, Rogers County",SPPS
2163,"OK, Seminole County",SPPS
2164,"OK, Sequoyah County",SPPS
2165,"OK, Stephens County",SPPS
2166,"OK, Texas County",SPPS
2167,"OK, Tillman County",SPPS
2168,"OK, Tulsa County",SPPS
2169,"OK, Wagoner County",SPPS
2170,"OK, Washington County",SPPS
2171,"OK, Washita County",SPPS
2172,"OK, Woods County",SPPS
2173,"OK, Woodward County",SPPS
2174,"OR, Baker County",NWPP
2175,"OR, Benton County",NWPP
2176,"OR, Clackamas County",NWPP
2177,"OR, Clatsop County",NWPP
2178,"OR, Columbia County",NWPP
2179,"OR, Coos County",NWPP
2180,"OR, Crook County",NWPP
2181,"OR, Curry County",NWPP
2182,"OR, Deschutes County",NWPP
2183,"OR, Douglas County",NWPP
2184,"OR, Gilliam County",NWPP
2185,"OR, Grant County",NWPP
2186,"OR, Harney County",NWPP
2187,"OR, Hood River County",NWPP
2188,"OR, Jackson County",NWPP
2189,"OR, Jefferson County",NWPP
2190,"OR, Josephine County",NWPP
2191,"OR, Klamath County",NWPP
2192,"OR, Lake County",NWPP
2193,"OR, Lane County",NWPP
2194,"OR, Lincoln County",NWPP
2195,"OR, Linn County",NWPP
2196,"OR, Malheur County",NWPP
2197,"OR, Marion County",NWPP
2198,"OR, Morrow County",NWPP
2199,"OR, Multnomah County",NWPP
2200,"OR, Polk County",NWPP
2201,"OR, Sherman County",NWPP
2202,"OR, Tillamook County",NWPP
2203,"OR, Umatilla County",NWPP
2204,"OR, Union County",NWPP
2205,"OR, Wallowa County",NWPP
2206,"OR, Wasco County",NWPP
2207,"OR, Washington County",NWPP
2208,"OR, Wheeler County",NWPP
2209,"OR, Yamhill County",NWPP
2210,"PA, Adams County",PJME
2211,"PA, Allegheny County",PJMW
2212,"PA, Armstrong County",PJMW
2213,"PA, Beaver County",PJMW
2214,"PA, Bedford County",PJMW
2215,"PA, Berks County",PJME
2216,"PA, Blair County",PJME
2217,"PA, Bradford County",PJME
2218,"PA, Bucks County",PJME
2219,"PA, Butler County",PJMW
2220,"PA, Cambria County",PJME
2221,"PA, Cameron County",PJME
2222,"PA, Carbon County",PJME
2223,"PA, Centre County",PJME
2224,"PA, Chester County",PJME
2225,"PA, Clarion County",PJME
2226,"PA, Clearfield County",PJME
2227,"PA, Clinton County",PJME
2228,"PA, Columbia County",PJME
2229,"PA, Crawford County",PJME
2230,"PA, Cumberland County",PJME
2231,"PA, Dauphin County",PJME
2232,"PA, Delaware County",PJME
2233,"PA, Elk County",PJME
2234,"PA, Erie County",PJME
2235,"PA, Fayette County",PJMW
2236,"PA, Forest County",PJME
2237,"PA, Franklin County",PJMW
2238,"PA, Fulton County",PJMW
2239,"PA, Greene County",PJMW
2240,"PA, Huntingdon County",PJME
2241,"PA, Indiana County",PJME
2242,"PA, Jefferson County",PJME
2243,"PA, Juniata County",PJME
2244,"PA, Lackawanna County",PJME
2245,"PA, Lancaster County",PJME
2246,"PA, Lawrence County",PJMW
2247,"PA, Lebanon County",PJME
2248,"PA, Lehigh County",PJME
2249,"PA, Luzerne County",PJME
2250,"PA, Lycoming County",PJME
2251,"PA, McKean County",PJME
2252,"PA, Mercer County",PJMW
2253,"PA, Mifflin County",PJME
2254,"PA, Monroe County",PJME
2255,"PA, Montgomery County",PJME
2256,"PA, Montour County",PJME
2257,"PA, Northampton County",PJME
2258,"PA, Northumberland County",PJME
2259,"PA, Perry County",PJME
2260,"PA, Philadelphia County",PJME
2261,"PA, Pike County",PJME
2262,"PA, Potter County",PJME
2263,"PA, Schuylkill County",PJME
2264,"PA, Snyder County",PJME
2265,"PA, Somerset County",PJME
2266,"PA, Sullivan County",PJME
2267,"PA, Susquehanna County",PJME
2268,"PA, Tioga County",PJME
2269,"PA, Union County",PJME
2270,"PA, Venango County",PJME
2271,"PA, Warren County",PJME
2272,"PA, Washington County",PJMW
2273,"PA, Wayne County",PJME
2274,"PA, Westmoreland County",PJMW
2275,"PA, Wyoming County",PJME
2276,"PA, York County",PJME
2277,"RI, Bristol County",ISNE
2278,"RI, Kent County",ISNE
2279,"RI, Newport County",ISNE
2280,"RI, Providence County",ISNE
2281,"RI, Washington County",ISNE
2282,"SC, Abbeville County",SRCA
2283,"SC, Aiken County",SRCA
2284,"SC, Allendale County",SRCA
2285,"SC, Anderson County",SRCA
2286,"SC, Bamberg County",SRCA
2287,"SC, Barnwell County",SRCA
2288,"SC, Beaufort County",SRCA
2289,"SC, Berkeley County",SRCA
2290,"SC, Calhoun County",SRCA
2291,"SC, Charleston County",SRCA
2292,"SC, Cherokee County",SRCA
2293,"SC, Chester County",SRCA
2294,"SC, Chesterfield County",SRCA
2295,"SC, Clarendon County",SRCA
2296,"SC, Colleton County",SRCA
2297,"SC, Darlington County",SRCA
2298,"SC, Dillon County",SRCA
2299,"SC, Dorchester County",SRCA
2300,"SC, Edgefield County",SRCA
2301,"SC, Fairfield County",SRCA
2302,"SC, Florence County",SRCA
2303,"SC, Georgetown County",SRCA
2304,"SC, Greenville County",SRCA
2305,"SC, Greenwood County",SRCA
2306,"SC, Hampton County",SRCA
2307,"SC, Horry County",SRCA
2308,"SC, Jasper County",SRCA
2309,"SC, Kershaw County",SRCA
2310,"SC, Lancaster County",SRCA
2311,"SC, Laurens County",SRCA
2312,"SC, Lee County",SRCA
2313,"SC, Lexington County",SRCA
2314,"SC, McCormick County",SRCA
2315,"SC, Marion County",SRCA
2316,"SC, Marlboro County",SRCA
2317,"SC, Newberry County",SRCA
2318,"SC, Oconee County",SRCA
2319,"SC, Orangeburg County",SRCA
2320,"SC, Pickens County",SRCA
2321,"SC, Richland County",SRCA
2322,"SC, Saluda County",SRCA
2323,"SC, Spartanburg County",SRCA
2324,"SC, Sumter County",SRCA
2325,"SC, Union County",SRCA
2326,"SC, Williamsburg County",SRCA
2327,"SC, York County",SRCA
2328,"SD, Aurora County",SPPN
2329,"SD, Beadle County",SPPN
2330,"SD, Bennett County",SPPN
2331,"SD, Bon Homme County",SPPN
2332,"SD, Brookings County",SPPN
2333,"SD, Brown County",SPPN
2334,"SD, Brule County",SPPN
2335,"SD, Buffalo County",SPPN
2336,"SD, Butte County",RMRG
2337,"SD, Campbell County",SPPN
2338,"SD, Charles Mix County",SPPN
2339,"SD, Clark County",SPPN
2340,"SD, Clay County",SPPN
2341,"SD, Codington County",SPPN
2342,"SD, Corson County",SPPN
2343,"SD, Custer County",RMRG
2344,"SD, Davison County",SPPN
2345,"SD, Day County",SPPN
2346,"SD, Deuel County",SPPN
2347,"SD, Dewey County",SPPN
2348,"SD, Douglas County",SPPN
2349,"SD, Edmunds County",SPPN
2350,"SD, Fall River County",RMRG
2351,"SD, Faulk County",SPPN
2352,"SD, Grant County",SPPN
2353,"SD, Gregory County",SPPN
2354,"SD, Haakon County",SPPN
2355,"SD, Hamlin County",SPPN
2356,"SD, Hand County",SPPN
2357,"SD, Hanson County",SPPN
2358,"SD, Harding County",SPPN
2359,"SD, Hughes County",SPPN
2360,"SD, Hutchinson County",SPPN
2361,"SD, Hyde County",SPPN
2362,"SD, Jackson County",SPPN
2363,"SD, Jerauld County",SPPN
2364,"SD, Jones County",SPPN
2365,"SD, Kingsbury County",SPPN
2366,"SD, Lake County",SPPN
2367,"SD, Lawrence County",RMRG
2368,"SD, Lincoln County",SPPN
2369,"SD, Lyman County",SPPN
2370,"SD, McCook County",SPPN
2371,"SD, McPherson County",SPPN
2372,"SD, Marshall County",SPPN
2373,"SD, Meade County",SPPN
2374,"SD, Mellette County",SPPN
2375,"SD, Miner County",SPPN
2376,"SD, Minnehaha County",SPPN
2377,"SD, Moody County",SPPN
2378,"SD, Oglala Lakota County",SPPN
2379,"SD, Pennington County",SPPN
2380,"SD, Perkins County",SPPN
2381,"SD, Potter County",SPPN
2382,"SD, Roberts County",SPPN
2383,"SD, Sanborn County",SPPN
2384,"SD, Spink County",SPPN
2385,"SD, Stanley County",SPPN
2386,"SD, Sully County",SPPN
2387,"SD, Todd County",SPPN
2388,"SD, Tripp County",SPPN
2389,"SD, Turner County",SPPN
2390,"SD, Union County",SPPN
2391,"SD, Walworth County",SPPN
2392,"SD, Yankton County",SPPN
2393,"SD, Ziebach County",SPPN
2394,"TN, Anderson County",SRCE
2395,"TN, Bedford County",SRCE
2396,"TN, Benton County",SRCE
2397,"TN, Bledsoe County",SRCE
2398,"TN, Blount County",SRCE
2399,"TN, Bradley County",SRCE
2400,"TN, Campbell County",SRCE
2401,"TN, Cannon County",SRCE
2402,"TN, Carroll County",SRCE
2403,"TN, Carter County",SRCE
2404,"TN, Cheatham County",SRCE
2405,"TN, Chester County",SRCE
2406,"TN, Claiborne County",SRCE
2407,"TN, Clay County",SRCE
2408,"TN, Cocke County",SRCE
2409,"TN, Coffee County",SRCE
2410,"TN, Crockett County",SRCE
2411,"TN, Cumberland County",SRCE
2412,"TN, Davidson County",SRCE
2413,"TN, Decatur County",SRCE
2414,"TN, DeKalb County",SRCE
2415,"TN, Dickson County",SRCE
2416,"TN, Dyer County",SRCE
2417,"TN, Fayette County",SRCE
2418,"TN, Fentress County",SRCE
2419,"TN, Franklin County",SRCE
2420,"TN, Gibson County",SRCE
2421,"TN, Giles County",SRCE
2422,"TN, Grainger County",SRCE
2423,"TN, Greene County",SRCE
2424,"TN, Grundy County",SRCE
2425,"TN, Hamblen County",SRCE
2426,"TN, Hamilton County",SRCE
2427,"TN, Hancock County",SRCE
2428,"TN, Hardeman County",SRCE
2429,"TN, Hardin County",SRCE
2430,"TN, Hawkins County",SRCE
2431,"TN, Haywood County",SRCE
2432,"TN, Henderson County",SRCE
2433,"TN, Henry County",SRCE
2434,"TN, Hickman County",SRCE
2435,"TN, Houston County",SRCE
2436,"TN, Humphreys County",SRCE
2437,"TN, Jackson County",SRCE
2438,"TN, Jefferson County",SRCE
2439,"TN, Johnson County",SRCE
2440,"TN, Knox County",SRCE
2441,"TN, Lake County",SRCE
2442,"TN, Lauderdale County",SRCE
2443,"TN, Lawrence County",SRCE
2444,"TN, Lewis County",SRCE
2445,"TN, Lincoln County",SRCE
2446,"TN, Loudon County",SRCE
2447,"TN, McMinn County",SRCE
2448,"TN, McNairy County",SRCE
2449,"TN, Macon County",SRCE
2450,"TN, Madison County",SRCE
2451,"TN, Marion County",SRCE
2452,"TN, Marshall County",SRCE
2453,"TN, Maury County",SRCE
2454,"TN, Meigs County",SRCE
2455,"TN, Monroe County",SRCE
2456,"TN, Montgomery County",SRCE
2457,"TN, Moore County",SRCE
2458,"TN, Morgan County",SRCE
2459,"TN, Obion County",SRCE
2460,"TN, Overton County",SRCE
2461,"TN, Perry County",SRCE
2462,"TN, Pickett County",SRCE
2463,"TN, Polk County",SRCE
2464,"TN, Putnam County",SRCE
2465,"TN, Rhea County",SRCE
2466,"TN, Roane County",SRCE
2467,"TN, Robertson County",SRCE
2468,"TN, Rutherford County",SRCE
2469,"TN, Scott County",SRCE
2470,"TN, Sequatchie County",SRCE
2471,"TN, Sevier County",SRCE
2472,"TN, Shelby County",SRCE
2473,"TN, Smith County",SRCE
2474,"TN, Stewart County",SRCE
2475,"TN, Sullivan County",SRCE
2476,"TN, Sumner County",SRCE
2477,"TN, Tipton County",SRCE
2478,"TN, Trousdale County",SRCE
2479,"TN, Unicoi County",SRCE
2480,"TN, Union County",SRCE
2481,"TN, Van Buren County",SRCE
2482,"TN, Warren County",SRCE
2483,"TN, Washington County",SRCE
2484,"TN, Wayne County",SRCE
2485,"TN, Weakley County",SRCE
2486,"TN, White County",SRCE
2487,"TN, Williamson County",SRCE
2488,"TN, Wilson County",SRCE
2489,"TX, Anderson County",TRE
2490,"TX, Andrews County",TRE
2491,"TX, Angelina County",TRE
2492,"TX, Aransas County",TRE
2493,"TX, Archer County",TRE
2494,"TX, Armstrong County",SPPS
2495,"TX, Atascosa County",TRE
2496,"TX, Austin County",TRE
2497,"TX, Bailey County",SPPS
2498,"TX, Bandera County",TRE
2499,"TX, Bastrop County",TRE
2500,"TX, Baylor County",TRE
2501,"TX, Bee County",TRE
2502,"TX, Bell County",TRE
2503,"TX, Bexar County",TRE
2504,"TX, Blanco County",TRE
2505,"TX, Borden County",TRE
2506,"TX, Bosque County",TRE
2507,"TX, Bowie County",SPPS
2508,"TX, Brazoria County",TRE
2509,"TX, Brazos County",MISS
2510,"TX, Brewster County",TRE
2511,"TX, Briscoe County",SPPS
2512,"TX, Brooks County",TRE
2513,"TX, Brown County",TRE
2514,"TX, Burleson County",MISS
2515,"TX, Burnet County",TRE
2516,"TX, Caldwell County",TRE
2517,"TX, Calhoun County",TRE
2518,"TX, Callahan County",TRE
2519,"TX, Cameron County",TRE
2520,"TX, Camp County",SPPS
2521,"TX, Carson County",SPPS
2522,"TX, Cass County",SPPS
2523,"TX, Castro County",SPPS
2524,"TX, Chambers County",TRE
2525,"TX, Cherokee County",TRE
2526,"TX, Childress County",TRE
2527,"TX, Clay County",TRE
2528,"TX, Cochran County",SPPS
2529,"TX, Coke County",TRE
2530,"TX, Coleman County",TRE
2531,"TX, Collin County",TRE
2532,"TX, Collingsworth County",TRE
2533,"TX, Colorado County",TRE
2534,"TX, Comal County",TRE
2535,"TX, Comanche County",TRE
2536,"TX, Concho County",TRE
2537,"TX, Cooke County",TRE
2538,"TX, Coryell County",TRE
2539,"TX, Cottle County",TRE
2540,"TX, Crane County",TRE
2541,"TX, Crockett County",TRE
2542,"TX, Crosby County",SPPS
2543,"TX, Culberson County",TRE
2544,"TX, Dallam County",SPPS
2545,"TX, Dallas County",TRE
2546,"TX, Dawson County",TRE
2547,"TX, Deaf Smith County",SPPS
2548,"TX, Delta County",TRE
2549,"TX, Denton County",TRE
2550,"TX, DeWitt County",TRE
2551,"TX, Dickens County",TRE
2552,"TX, Dimmit County",TRE
2553,"TX, Donley County",TRE
2554,"TX, Duval County",TRE
2555,"TX, Eastland County",TRE
2556,"TX, Ector County",TRE
2557,"TX, Edwards County",TRE
2558,"TX, Ellis County",TRE
2559,"TX, El Paso County",SRSG
2560,"TX, Erath County",TRE
2561,"TX, Falls County",TRE
2562,"TX, Fannin County",TRE
2563,"TX, Fayette County",TRE
2564,"TX, Fisher County",TRE
2565,"TX, Floyd County",SPPS
2566,"TX, Foard County",TRE
2567,"TX, Fort Bend County",TRE
2568,"TX, Franklin County",SPPS
2569,"TX, Freestone County",TRE
2570,"TX, Frio County",TRE
2571,"TX, Gaines County",SPPS
2572,"TX, Galveston County",TRE
2573,"TX, Garza County",TRE
2574,"TX, Gillespie County",TRE
2575,"TX, Glasscock County",TRE
2576,"TX, Goliad County",TRE
2577,"TX, Gonzales County",TRE
2578,"TX, Gray County",SPPS
2579,"TX, Grayson County",TRE
2580,"TX, Gregg County",SPPS
2581,"TX, Grimes County",MISS
2582,"TX, Guadalupe County",TRE
2583,"TX, Hale County",SPPS
2584,"TX, Hall County",TRE
2585,"TX, Hamilton County",TRE
2586,"TX, Hansford County",SPPS
2587,"TX, Hardeman County",TRE
2588,"TX, Hardin County",MISS
2589,"TX, Harris County",TRE
2590,"TX, Harrison County",SPPS
2591,"TX, Hartley County",SPPS
2592,"TX, Haskell County",TRE
2593,"TX, Hays County",TRE
2594,"TX, Hemphill County",SPPS
2595,"TX, Henderson County",TRE
2596,"TX, Hidalgo County",TRE
2597,"TX, Hill County",TRE
2598,"TX, Hockley County",SPPS
2599,"TX, Hood County",TRE
2600,"TX, Hopkins County",TRE
2601,"TX, Houston County",TRE
2602,"TX, Howard County",TRE
2603,"TX, Hudspeth County",SRSG
2604,"TX, Hunt County",TRE
2605,"TX, Hutchinson County",SPPS
2606,"TX, Irion County",TRE
2607,"TX, Jack County",TRE
2608,"TX, Jackson County",TRE
2609,"TX, Jasper County",MISS
2610,"TX, Jeff Davis County",TRE
2611,"TX, Jefferson County",MISS
2612,"TX, Jim Hogg County",TRE
2613,"TX, Jim Wells County",TRE
2614,"TX, Johnson County",TRE
2615,"TX, Jones County",TRE
2616,"TX, Karnes County",TRE
2617,"TX, Kaufman County",TRE
2618,"TX, Kendall County",TRE
2619,"TX, Kenedy County",TRE
2620,"TX, Kent County",TRE
2621,"TX, Kerr County",TRE
2622,"TX, Kimble County",TRE
2623,"TX, King County",TRE
2624,"TX, Kinney County",TRE
2625,"TX, Kleberg County",TRE
2626,"TX, Knox County",TRE
2627,"TX, Lamar County",TRE
2628,"TX, Lamb County",SPPS
2629,"TX, Lampasas County",TRE
2630,"TX, La Salle County",TRE
2631,"TX, Lavaca County",TRE
2632,"TX, Lee County",TRE
2633,"TX, Leon County",TRE
2634,"TX, Liberty County",MISS
2635,"TX, Limestone County",TRE
2636,"TX, Lipscomb County",SPPS
2637,"TX, Live Oak County",TRE
2638,"TX, Llano County",TRE
2639,"TX, Loving County",TRE
2640,"TX, Lubbock County",SPPS
2641,"TX, Lynn County",SPPS
2642,"TX, McCulloch County",TRE
2643,"TX, McLennan County",TRE
2644,"TX, McMullen County",TRE
2645,"TX, Madison County",MISS
2646,"TX, Marion County",SPPS
2647,"TX, Martin County",TRE
2648,"TX, Mason County",TRE
2649,"TX, Matagorda County",TRE
2650,"TX, Maverick County",TRE
2651,"TX, Medina County",TRE
2652,"TX, Menard County",TRE
2653,"TX, Midland County",TRE
2654,"TX, Milam County",MISS
2655,"TX, Mills County",TRE
2656,"TX, Mitchell County",TRE
2657,"TX, Montague County",TRE
2658,"TX, Montgomery County",MISS
2659,"TX, Moore County",SPPS
2660,"TX, Morris County",SPPS
2661,"TX, Motley County",TRE
2662,"TX, Nacogdoches County",TRE
2663,"TX, Navarro County",TRE
2664,"TX, Newton County",MISS
2665,"TX, Nolan County",TRE
2666,"TX, Nueces County",TRE
2667,"TX, Ochiltree County",SPPS
2668,"TX, Oldham County",SPPS
2669,"TX, Orange County",MISS
2670,"TX, Palo Pinto County",TRE
2671,"TX, Panola County",SPPS
2672,"TX, Parker County",TRE
2673,"TX, Parmer County",SPPS
2674,"TX, Pecos County",TRE
2675,"TX, Polk County",MISS
2676,"TX, Potter County",SPPS
2677,"TX, Presidio County",TRE
2678,"TX, Rains County",TRE
2679,"TX, Randall County",SPPS
2680,"TX, Reagan County",TRE
2681,"TX, Real County",TRE
2682,"TX, Red River County",TRE
2683,"TX, Reeves County",TRE
2684,"TX, Refugio County",TRE
2685,"TX, Roberts County",SPPS
2686,"TX, Robertson County",MISS
2687,"TX, Rockwall County",TRE
2688,"TX, Runnels County",TRE
2689,"TX, Rusk County",SPPS
2690,"TX, Sabine County",TRE
2691,"TX, San Augustine County",TRE
2692,"TX, San Jacinto County",MISS
2693,"TX, San Patricio County",TRE
2694,"TX, San Saba County",TRE
2695,"TX, Schleicher County",TRE
2696,"TX, Scurry County",TRE
2697,"TX, Shackelford County",TRE
2698,"TX, Shelby County",SPPS
2699,"TX, Sherman County",SPPS
2700,"TX, Smith County",TRE
2701,"TX, Somervell County",TRE
2702,"TX, Starr County",TRE
2703,"TX, Stephens County",TRE
2704,"TX, Sterling County",TRE
2705,"TX, Stonewall County",TRE
2706,"TX, Sutton County",TRE
2707,"TX, Swisher County",SPPS
2708,"TX, Tarrant County",TRE
2709,"TX, Taylor County",TRE
2710,"TX, Terrell County",TRE
2711,"TX, Terry County",SPPS
2712,"TX, Throckmorton County",TRE
2713,"TX, Titus County",SPPS
2714,"TX, Tom Green County",TRE
2715,"TX, Travis County",TRE
2716,"TX, Trinity County",MISS
2717,"TX, Tyler County",MISS
2718,"TX, Upshur County",SPPS
2719,"TX, Upton County",TRE
2720,"TX, Uvalde County",TRE
2721,"TX, Val Verde County",TRE
2722,"TX, Van Zandt County",TRE
2723,"TX, Victoria County",TRE
2724,"TX, Walker County",MISS
2725,"TX, Waller County",TRE
2726,"TX, Ward County",TRE
2727,"TX, Washington County",TRE
2728,"TX, Webb County",TRE
2729,"TX, Wharton County",TRE
2730,"TX, Wheeler County",SPPS
2731,"TX, Wichita County",TRE
2732,"TX, Wilbarger County",TRE
2733,"TX, Willacy County",TRE
2734,"TX, Williamson County",TRE
2735,"TX, Wilson County",TRE
2736,"TX, Winkler County",TRE
2737,"TX, Wise County",TRE
2738,"TX, Wood County",SPPS
2739,"TX, Yoakum County",SPPS
2740,"TX, Young County",TRE
2741,"TX, Zapata County",TRE
2742,"TX, Zavala County",TRE
2743,"UT, Beaver County",BASN
2744,"UT, Box Elder County",BASN
2745,"UT, Cache County",BASN
2746,"UT, Carbon County",BASN
2747,"UT, Daggett County",BASN
2748,"UT, Davis County",BASN
2749,"UT, Duchesne County",BASN
2750,"UT, Emery County",BASN
2751,"UT, Garfield County",BASN
2752,"UT, Grand County",BASN
2753,"UT, Iron County",BASN
2754,"UT, Juab County",BASN
2755,"UT, Kane County",BASN
2756,"UT, Millard County",BASN
2757,"UT, Morgan County",BASN
2758,"UT, Piute County",BASN
2759,"UT, Rich County",BASN
2760,"UT, Salt Lake County",BASN
2761,"UT, San Juan County",BASN
2762,"UT, Sanpete County",BASN
2763,"UT, Sevier County",BASN
2764,"UT, Summit County",BASN
2765,"UT, Tooele County",BASN
2766,"UT, Uintah County",BASN
2767,"UT, Utah County",BASN
2768,"UT, Wasatch County",BASN
2769,"UT, Washington County",BASN
2770,"UT, Wayne County",BASN
2771,"UT, Weber County",BASN
2772,"VT, Addison County",ISNE
2773,"VT, Bennington County",ISNE
2774,"VT, Caledonia County",ISNE
2775,"VT, Chittenden County",ISNE
2776,"VT, Essex County",ISNE
2777,"VT, Franklin County",ISNE
2778,"VT, Grand Isle County",ISNE
2779,"VT, Lamoille County",ISNE
2780,"VT, Orange County",ISNE
2781,"VT, Orleans County",ISNE
2782,"VT, Rutland County",ISNE
2783,"VT, Washington County",ISNE
2784,"VT, Windham County",ISNE
2785,"VT, Windsor County",ISNE
2786,"VA, Accomack County",PJME
2787,"VA, Albemarle County",PJMD
2788,"VA, Alleghany County",PJMD
2789,"VA, Amelia County",PJMD
2790,"VA, Amherst County",PJMD
2791,"VA, Appomattox County",PJMD
2792,"VA, Arlington County",PJMD
2793,"VA, Augusta County",PJMD
2794,"VA, Bath County",PJMD
2795,"VA, Bedford County",PJMW
2796,"VA, Bland County",PJMW
2797,"VA, Botetourt County",PJMD
2798,"VA, Brunswick County",PJMD
2799,"VA, Buchanan County",PJMW
2800,"VA, Buckingham County",PJMD
2801,"VA, Campbell County",PJMW
2802,"VA, Caroline County",PJMD
2803,"VA, Carroll County",PJMW
2804,"VA, Charles City County",PJMD
2805,"VA, Charlotte County",PJMD
2806,"VA, Chesterfield County",PJMD
2807,"VA, Clarke County",PJMW
2808,"VA, Craig County",PJMD
2809,"VA, Culpeper County",PJMW
2810,"VA, Cumberland County",PJMD
2811,"VA, Dickenson County",PJMW
2812,"VA, Dinwiddie County",PJMD
2813,"VA, Essex County",PJMD
2814,"VA, Fairfax County",PJMD
2815,"VA, Fauquier County",PJMW
2816,"VA, Floyd County",PJMW
2817,"VA, Fluvanna County",PJMD
2818,"VA, Franklin County",PJMW
2819,"VA, Frederick County",PJMW
2820,"VA, Giles County",PJMW
2821,"VA, Gloucester County",PJMD
2822,"VA, Goochland County",PJMD
2823,"VA, Grayson County",PJMW
2824,"VA, Greene County",PJMD
2825,"VA, Greensville County",PJMD
2826,"VA, Halifax County",PJMD
2827,"VA, Hanover County",PJMD
2828,"VA, Henrico County",PJMD
2829,"VA, Henry County",PJMW
2830,"VA, Highland County",PJMD
2831,"VA, Isle of Wight County",PJMD
2832,"VA, James City County",PJMD
2833,"VA, King and Queen County",PJMD
2834,"VA, King George County",PJMD
2835,"VA, King William County",PJMD
2836,"VA, Lancaster County",PJMD
2837,"VA, Lee County",SRCE
2838,"VA, Loudoun County",PJMD
2839,"VA, Louisa County",PJMD
2840,"VA, Lunenburg County",PJMD
2841,"VA, Madison County",PJMD
2842,"VA, Mathews County",PJMD
2843,"VA, Mecklenburg County",PJMD
2844,"VA, Middlesex County",PJMD
2845,"VA, Montgomery County",PJMW
2846,"VA, Nelson County",PJMD
2847,"VA, New Kent County",PJMD
2848,"VA, Northampton County",PJME
2849,"VA, Northumberland County",PJMD
2850,"VA, Nottoway County",PJMD
2851,"VA, Orange County",PJMD
2852,"VA, Page County",PJMD
2853,"VA, Patrick County",PJMW
2854,"VA, Pittsylvania County",PJMD
2855,"VA, Powhatan County",PJMD
2856,"VA, Prince Edward County",PJMD
2857,"VA, Prince George County",PJMD
2858,"VA, Prince William County",PJMD
2859,"VA, Pulaski County",PJMW
2860,"VA, Rappahannock County",PJMW
2861,"VA, Richmond County",PJMD
2862,"VA, Roanoke County",PJMW
2863,"VA, Rockbridge County",PJMD
2864,"VA, Rockingham County",PJMD
2865,"VA, Russell County",PJMW
2866,"VA, Scott County",SRCE
2867,"VA, Shenandoah County",PJMD
2868,"VA, Smyth County",PJMW
2869,"VA, Southampton County",PJMD
2870,"VA, Spotsylvania County",PJMD
2871,"VA, Stafford County",PJMD
2872,"VA, Surry County",PJMD
2873,"VA, Sussex County",PJMD
2874,"VA, Tazewell County",PJMW
2875,"VA, Warren County",PJMW
2876,"VA, Washington County",PJMW
2877,"VA, Westmoreland County",PJMD
2878,"VA, Wise County",SRCE
2879,"VA, Wythe County",PJMW
2880,"VA, York County",PJMD
2881,"VA, Alexandria city",PJMD
2882,"VA, Bristol city",SRCE
2883,"VA, Buena Vista city",PJMD
2884,"VA, Charlottesville city",PJMD
2885,"VA, Chesapeake city",PJMD
2886,"VA, Colonial Heights city",PJMD
2887,"VA, Covington city",PJMD
2888,"VA, Danville city",PJMD
2889,"VA, Emporia city",PJMD
2890,"VA, Fairfax city",PJMD
2891,"VA, Falls Church city",PJMD
2892,"VA, Franklin city",PJMD
2893,"VA, Fredericksburg city",PJMD
2894,"VA, Galax city",PJMW
2895,"VA, Hampton city",PJMD
2896,"VA, Harrisonburg city",PJMD
2897,"VA, Hopewell city",PJMD
2898,"VA, Lexington city",PJMD
2899,"VA, Lynchburg city",PJMW
2900,"VA, Manassas city",PJMD
2901,"VA, Manassas Park city",PJMD
2902,"VA, Martinsville city",PJMW
2903,"VA, Newport News city",PJMD
2904,"VA, Norfolk city",PJMD
2905,"VA, Norton city",SRCE
2906,"VA, Petersburg city",PJMD
2907,"VA, Poquoson city",PJMD
2908,"VA, Portsmouth city",PJMD
2909,"VA, Radford city",PJMW
2910,"VA, Richmond city",PJMD
2911,"VA, Roanoke city",PJMW
2912,"VA, Salem city",PJMW
2913,"VA, Staunton city",PJMD
2914,"VA, Suffolk city",PJMD
2915,"VA, Virginia Beach city",PJMD
2916,"VA, Waynesboro city",PJMD
2917,"VA, Williamsburg city",PJMD
2918,"VA, Winchester city",PJMW
2919,"WA, Adams County",NWPP
2920,"WA, Asotin County",NWPP
2921,"WA, Benton County",NWPP
2922,"WA, Chelan County",NWPP
2923,"WA, Clallam County",NWPP
2924,"WA, Clark County",NWPP
2925,"WA, Columbia County",NWPP
2926,"WA, Cowlitz County",NWPP
2927,"WA, Douglas County",NWPP
2928,"WA, Ferry County",NWPP
2929,"WA, Franklin County",NWPP
2930,"WA, Garfield County",NWPP
2931,"WA, Grant County",NWPP
2932,"WA, Grays Harbor County",NWPP
2933,"WA, Island County",NWPP
2934,"WA, Jefferson County",NWPP
2935,"WA, King County",NWPP
2936,"WA, Kitsap County",NWPP
2937,"WA, Kittitas County",NWPP
2938,"WA, Klickitat County",NWPP
2939,"WA, Lewis County",NWPP
2940,"WA, Lincoln County",NWPP
2941,"WA, Mason County",NWPP
2942,"WA, Okanogan County",NWPP
2943,"WA, Pacific County",NWPP
2944,"WA, Pend Oreille County",NWPP
2945,"WA, Pierce County",NWPP
2946,"WA, San Juan County",NWPP
2947,"WA, Skagit County",NWPP
2948,"WA, Skamania County",NWPP
2949,"WA, Snohomish County",NWPP
2950,"WA, Spokane County",NWPP
2951,"WA, Stevens County",NWPP
2952,"WA, Thurston County",NWPP
2953,"WA, Wahkiakum County",NWPP
2954,"WA, Walla Walla County",NWPP
2955,"WA, Whatcom County",NWPP
2956,"WA, Whitman County",NWPP
2957,"WA, Yakima County",NWPP
2958,"WV, Barbour County",PJMW
2959,"WV, Berkeley County",PJMW
2960,"WV, Boone County",PJMW
2961,"WV, Braxton County",PJMW
2962,"WV, Brooke County",PJMW
2963,"WV, Cabell County",PJMW
2964,"WV, Calhoun County",PJMW
2965,"WV, Clay County",PJMW
2966,"WV, Doddridge County",PJMW
2967,"WV, Fayette County",PJMW
2968,"WV, Gilmer County",PJMW
2969,"WV, Grant County",PJMW
2970,"WV, Greenbrier County",PJMW
2971,"WV, Hampshire County",PJMW
2972,"WV, Hancock County",PJMW
2973,"WV, Hardy County",PJMW
2974,"WV, Harrison County",PJMW
2975,"WV, Jackson County",PJMW
2976,"WV, Jefferson County",PJMW
2977,"WV, Kanawha County",PJMW
2978,"WV, Lewis County",PJMW
2979,"WV, Lincoln County",PJMW
2980,"WV, Logan County",PJMW
2981,"WV, McDowell County",PJMW
2982,"WV, Marion County",PJMW
2983,"WV, Marshall County",PJMW
2984,"WV, Mason County",PJMW
2985,"WV, Mercer County",PJMW
2986,"WV, Mineral County",PJMW
2987,"WV, Mingo County",PJMW
2988,"WV, Monongalia County",PJMW
2989,"WV, Monroe County",PJMW
2990,"WV, Morgan County",PJMW
2991,"WV, Nicholas County",PJMW
2992,"WV, Ohio County",PJMW
2993,"WV, Pendleton County",PJMW
2994,"WV, Pleasants County",PJMW
2995,"WV, Pocahontas County",PJMW
2996,"WV, Preston County",PJMW
2997,"WV, Putnam County",PJMW
2998,"WV, Raleigh County",PJMW
2999,"WV, Randolph County",PJMW
3000,"WV, Ritchie County",PJMW
3001,"WV, Roane County",PJMW
3002,"WV, Summers County",PJMW
3003,"WV, Taylor County",PJMW
3004,"WV, Tucker County",PJMW
3005,"WV, Tyler County",PJMW
3006,"WV, Upshur County",PJMW
3007,"WV, Wayne County",PJMW
3008,"WV, Webster County",PJMW
3009,"WV, Wetzel County",PJMW
3010,"WV, Wirt County",PJMW
3011,"WV, Wood County",PJMW
3012,"WV, Wyoming County",PJMW
3013,"WI, Adams County",MISW
3014,"WI, Ashland County",MISW
3015,"WI, Barron County",MISW
3016,"WI, Bayfield County",MISW
3017,"WI, Brown County",MISW
3018,"WI, Buffalo County",MISW
3019,"WI, Burnett County",MISW
3020,"WI, Calumet County",MISW
3021,"WI, Chippewa County",MISW
3022,"WI, Clark County",MISW
3023,"WI, Columbia County",MISW
3024,"WI, Crawford County",MISW
3025,"WI, Dane County",MISW
3026,"WI, Dodge County",MISW
3027,"WI, Door County",MISW
3028,"WI, Douglas County",MISW
3029,"WI, Dunn County",MISW
3030,"WI, Eau Claire County",MISW
3031,"WI, Florence County",MISW
3032,"WI, Fond du Lac County",MISW
3033,"WI, Forest County",MISW
3034,"WI, Grant County",MISW
3035,"WI, Green County",MISW
3036,"WI, Green Lake County",MISW
3037,"WI, Iowa County",MISW
3038,"WI, Iron County",MISW
3039,"WI, Jackson County",MISW
3040,"WI, Jefferson County",MISW
3041,"WI, Juneau County",MISW
3042,"WI, Kenosha County",MISW
3043,"WI, Kewaunee County",MISW
3044,"WI, La Crosse County",MISW
3045,"WI, Lafayette County",MISW
3046,"WI, Langlade County",MISW
3047,"WI, Lincoln County",MISW
3048,"WI, Manitowoc County",MISW
3049,"WI, Marathon County",MISW
3050,"WI, Marinette County",MISW
3051,"WI, Marquette County",MISW
3052,"WI, Menominee County",MISW
3053,"WI, Milwaukee County",MISW
3054,"WI, Monroe County",MISW
3055,"WI, Oconto County",MISW
3056,"WI, Oneida County",MISW
3057,"WI, Outagamie County",MISW
3058,"WI, Ozaukee County",MISW
3059,"WI, Pepin County",MISW
3060,"WI, Pierce County",MISW
3061,"WI, Polk County",MISW
3062,"WI, Portage County",MISW
3063,"WI, Price County",MISW
3064,"WI, Racine County",MISW
3065,"WI, Richland County",MISW
3066,"WI, Rock County",MISW
3067,"WI, Rusk County",MISW
3068,"WI, St. Croix County",MISW
3069,"WI, Sauk County",MISW
3070,"WI, Sawyer County",MISW
3071,"WI, Shawano County",MISW
3072,"WI, Sheboygan County",MISW
3073,"WI, Taylor County",MISW
3074,"WI, Trempealeau County",MISW
3075,"WI, Vernon County",MISW
3076,"WI, Vilas County",MISW
3077,"WI, Walworth County",MISW
3078,"WI, Washburn County",MISW
3079,"WI, Washington County",MISW
3080,"WI, Waukesha County",MISW
3081,"WI, Waupaca County",MISW
3082,"WI, Waushara County",MISW
3083,"WI, Winnebago County",MISW
3084,"WI, Wood County",MISW
3085,"WY, Albany County",RMRG
3086,"WY, Big Horn County",BASN
3087,"WY, Campbell County",RMRG
3088,"WY, Carbon County",BASN
3089,"WY, Converse County",RMRG
3090,"WY, Crook County",RMRG
3091,"WY, Fremont County",BASN
3092,"WY, Goshen County",RMRG
3093,"WY, Hot Springs County",BASN
3094,"WY, Johnson County",RMRG
3095,"WY, Laramie County",RMRG
3096,"WY, Lincoln County",BASN
3097,"WY, Natrona County",BASN
3098,"WY, Niobrara County",RMRG
3099,"WY, Park County",BASN
3100,"WY, Platte County",RMRG
3101,"WY, Sheridan County",RMRG
3102,"WY, Sublette County",BASN
3103,"WY, Sweetwater County",BASN
3104,"WY, Teton County",BASN
3105,"WY, Uinta County",BASN
3106,"WY, Washakie County",BASN
3107,"WY, Weston County",RMRG
